,TransactionAmt,TransactionDT,ProductCD,card1,card2,card3,card4,card5,card6,addr1,addr2,dist1,P_emaildomain,R_emaildomain,C1,C2,C3,C4,C5,C6,C7,C8,C9,C10,C11,C12,C13,C14,D1,D2,D3,D4,D5,D10,D11,V127,V128,V129,V130,V131,V132,V133,V134,V135,V136,V137,V138,V307,V308,V309,V310
5833,70.0,183159,W,4610,555.0,150.0,visa,226.0,credit,225.0,87.0,,outlook.com,,1.0,2.0,0.0,0.0,0.0,1.0,0.0,0.0,1.0,0.0,1.0,0.0,16.0,1.0,97.0,97.0,7.0,90.0,7.0,39.0,,0.0,0.0,0.0,0.0,0.0,0.0,0.0,0.0,0.0,0.0,0.0,,468.5,0.0,0.0,468.5
7072,59.0,234620,W,3898,281.0,150.0,visa,226.0,credit,181.0,87.0,17.0,hotmail.com,,1.0,1.0,0.0,0.0,0.0,1.0,0.0,0.0,1.0,0.0,1.0,0.0,35.0,1.0,190.0,190.0,0.0,190.0,0.0,190.0,183.0,75.0,75.0,0.0,75.0,75.0,0.0,0.0,0.0,0.0,0.0,0.0,,797.0,255.0,0.0,554.0
9190,108.95,264721,W,17188,321.0,150.0,visa,226.0,debit,310.0,87.0,13.0,comcast.net,,5.0,3.0,0.0,0.0,3.0,2.0,0.0,0.0,2.0,0.0,3.0,0.0,8.0,4.0,91.0,91.0,24.0,,,91.0,,0.0,0.0,0.0,0.0,0.0,0.0,0.0,0.0,0.0,0.0,0.0,,363.8999938964844,0.0,0.0,0.0
7315,30.95,237578,W,16435,298.0,150.0,visa,226.0,debit,337.0,87.0,33.0,,,2.0,4.0,0.0,0.0,3.0,1.0,0.0,0.0,2.0,0.0,1.0,0.0,25.0,2.0,238.0,238.0,14.0,,,112.0,,0.0,0.0,0.0,0.0,0.0,0.0,0.0,0.0,0.0,0.0,0.0,,55.95000076293945,0.0,0.0,55.95000076293945
3312,35.95,154335,W,15813,251.0,150.0,visa,226.0,debit,441.0,87.0,,gmail.com,,5.0,2.0,0.0,0.0,1.0,4.0,0.0,0.0,1.0,0.0,2.0,0.0,41.0,5.0,0.0,,,,,277.0,,0.0,0.0,0.0,0.0,0.0,0.0,0.0,0.0,0.0,0.0,0.0,,0.0,0.0,0.0,0.0
1383,50.0,132661,W,14084,257.0,150.0,visa,226.0,debit,226.0,87.0,,anonymous.com,,5.0,4.0,0.0,0.0,5.0,6.0,0.0,0.0,4.0,0.0,4.0,0.0,34.0,5.0,446.0,446.0,9.0,434.0,9.0,446.0,,0.0,0.0,0.0,0.0,0.0,0.0,0.0,0.0,0.0,0.0,0.0,,110.0,0.0,0.0,110.0
5998,40.0,187943,W,6933,477.0,150.0,mastercard,117.0,debit,204.0,87.0,,anonymous.com,,5.0,3.0,0.0,0.0,1.0,4.0,0.0,0.0,2.0,0.0,4.0,0.0,6.0,3.0,61.0,61.0,5.0,8.0,5.0,127.0,,0.0,0.0,0.0,0.0,0.0,0.0,0.0,0.0,0.0,0.0,0.0,,98.0,49.0,0.0,98.0
5908,52.95,185116,W,7664,490.0,150.0,visa,226.0,debit,264.0,87.0,34.0,,,1.0,1.0,0.0,0.0,7.0,1.0,0.0,0.0,1.0,0.0,1.0,0.0,17.0,1.0,115.0,115.0,9.0,,,114.0,,0.0,0.0,0.0,0.0,0.0,0.0,0.0,0.0,0.0,0.0,0.0,,160.85000610351562,0.0,0.0,160.85000610351562
7578,57.95,241342,W,9231,480.0,150.0,mastercard,117.0,debit,325.0,87.0,0.0,gmail.com,,1.0,1.0,0.0,0.0,1.0,1.0,0.0,0.0,1.0,0.0,1.0,0.0,5.0,1.0,337.0,337.0,57.0,479.0,57.0,479.0,145.0,0.0,0.0,0.0,0.0,0.0,0.0,0.0,0.0,0.0,0.0,0.0,,0.0,0.0,0.0,0.0
9709,107.95,286282,W,4806,490.0,150.0,visa,226.0,debit,315.0,87.0,,yahoo.com,,33.0,24.0,0.0,0.0,8.0,16.0,0.0,0.0,15.0,0.0,19.0,0.0,74.0,12.0,148.0,148.0,8.0,148.0,8.0,21.0,,64.0,0.0,0.0,64.0,0.0,0.0,0.0,0.0,0.0,0.0,0.0,,114.0,0.0,0.0,114.0
1373,92.0,132404,W,5613,413.0,150.0,visa,166.0,debit,184.0,87.0,,gmail.com,,5.0,2.0,0.0,0.0,0.0,4.0,0.0,0.0,2.0,0.0,2.0,0.0,20.0,5.0,93.0,93.0,0.0,122.0,0.0,303.0,,75.0,75.0,0.0,0.0,0.0,75.0,75.0,75.0,0.0,0.0,0.0,,75.0,75.0,0.0,0.0
8728,39.0,257095,W,1522,208.0,150.0,mastercard,117.0,debit,315.0,87.0,14.0,gmail.com,,2.0,4.0,0.0,0.0,0.0,2.0,0.0,0.0,2.0,0.0,1.0,0.0,36.0,2.0,85.0,85.0,3.0,122.0,3.0,0.0,245.0,0.0,0.0,0.0,0.0,0.0,0.0,0.0,0.0,0.0,0.0,0.0,,110.0,70.0,0.0,110.0
461,7.0,94083,S,10616,583.0,150.0,visa,226.0,credit,299.0,87.0,,,gmail.com,5.0,7.0,0.0,1.0,0.0,0.0,0.0,10.0,0.0,14.0,3.0,0.0,79.0,5.0,352.0,352.0,3.0,,,,,310.0,22.0,0.0,302.0,22.0,0.0,0.0,0.0,0.0,8.0,0.0,0.0,270.0,22.0,0.0,270.0
2189,5.0,143715,S,10616,583.0,150.0,visa,226.0,credit,299.0,87.0,,,gmail.com,5.0,7.0,0.0,1.0,0.0,0.0,0.0,10.0,0.0,14.0,3.0,0.0,80.0,5.0,352.0,352.0,1.0,,,,,317.0,29.0,7.0,309.0,29.0,0.0,0.0,0.0,0.0,8.0,0.0,0.0,277.0,29.0,7.0,277.0
1692,161.0,137729,W,6174,490.0,150.0,visa,226.0,debit,387.0,87.0,,yahoo.com,,3.0,2.0,0.0,0.0,0.0,3.0,0.0,0.0,3.0,0.0,2.0,0.0,7.0,3.0,244.0,112.0,107.0,112.0,107.0,244.0,,0.0,0.0,0.0,0.0,0.0,0.0,0.0,0.0,0.0,0.0,0.0,,0.0,0.0,0.0,0.0
8146,82.775,248541,C,15885,545.0,185.0,visa,138.0,debit,,,,hotmail.com,hotmail.com,1.0,1.0,0.0,1.0,0.0,1.0,1.0,1.0,0.0,0.0,1.0,1.0,1.0,1.0,0.0,,,0.0,,0.0,,0.0,0.0,0.0,0.0,0.0,0.0,0.0,0.0,0.0,0.0,0.0,,0.0,0.0,0.0,0.0
8764,54.62,257634,C,11194,555.0,214.0,mastercard,137.0,credit,,,,anonymous.com,anonymous.com,2.0,8.0,0.0,1.0,0.0,1.0,1.0,1.0,0.0,1.0,1.0,1.0,1.0,1.0,0.0,,1.0,,,0.0,,0.0,0.0,0.0,0.0,0.0,0.0,0.0,0.0,0.0,0.0,0.0,,54.61970138549805,54.61970138549805,0.0,0.0
1851,117.0,139844,W,13234,298.0,150.0,visa,226.0,debit,204.0,87.0,,yahoo.com,,1.0,1.0,0.0,0.0,0.0,1.0,0.0,0.0,0.0,0.0,1.0,0.0,1.0,1.0,0.0,,,0.0,,0.0,,0.0,0.0,0.0,0.0,0.0,0.0,0.0,0.0,0.0,0.0,0.0,,0.0,0.0,0.0,0.0
4397,35.0,165239,H,7757,514.0,150.0,mastercard,224.0,credit,512.0,87.0,,gmail.com,gmail.com,1.0,1.0,0.0,1.0,0.0,1.0,0.0,1.0,0.0,1.0,1.0,0.0,1.0,1.0,0.0,,,,,,,0.0,0.0,0.0,0.0,0.0,0.0,0.0,0.0,0.0,0.0,0.0,0.0,0.0,0.0,0.0,0.0
1835,150.0,139671,W,15007,583.0,150.0,visa,226.0,credit,327.0,87.0,,anonymous.com,,2.0,2.0,0.0,0.0,1.0,2.0,0.0,0.0,2.0,0.0,2.0,0.0,8.0,2.0,421.0,421.0,60.0,421.0,60.0,421.0,,0.0,0.0,0.0,0.0,0.0,0.0,0.0,0.0,0.0,0.0,0.0,,0.0,0.0,0.0,0.0
958,60.0,109625,W,7919,194.0,150.0,mastercard,202.0,debit,337.0,87.0,,yahoo.com,,4.0,2.0,0.0,0.0,0.0,1.0,0.0,0.0,2.0,0.0,2.0,0.0,10.0,3.0,28.0,28.0,0.0,435.0,0.0,27.0,,84.0,0.0,0.0,84.0,0.0,0.0,0.0,0.0,0.0,0.0,0.0,,161.0,77.0,0.0,84.0
335,100.0,91804,R,9500,321.0,150.0,visa,226.0,debit,251.0,87.0,,gmail.com,anonymous.com,1.0,1.0,0.0,1.0,0.0,1.0,0.0,1.0,0.0,1.0,1.0,0.0,0.0,0.0,0.0,,,,,,,100.0,100.0,0.0,0.0,0.0,0.0,0.0,0.0,100.0,100.0,100.0,0.0,100.0,100.0,0.0,0.0
1418,108.5,133379,W,7664,490.0,150.0,visa,226.0,debit,204.0,87.0,739.0,,,1.0,1.0,0.0,0.0,0.0,0.0,0.0,0.0,1.0,0.0,1.0,0.0,1.0,1.0,0.0,,,,,0.0,91.0,0.0,0.0,0.0,0.0,0.0,0.0,0.0,0.0,0.0,0.0,0.0,,0.0,0.0,0.0,0.0
1339,25.0,131595,S,14259,111.0,150.0,visa,226.0,debit,330.0,87.0,,,yahoo.com,3.0,2.0,0.0,1.0,0.0,0.0,0.0,4.0,0.0,9.0,1.0,0.0,8.0,2.0,455.0,455.0,,,,,,100.0,100.0,0.0,0.0,0.0,0.0,0.0,0.0,100.0,100.0,100.0,0.0,100.0,100.0,0.0,0.0
9001,117.0,261924,W,10856,268.0,150.0,visa,166.0,debit,315.0,87.0,18.0,gmail.com,,1.0,2.0,0.0,0.0,0.0,1.0,0.0,0.0,1.0,0.0,1.0,0.0,9.0,1.0,164.0,164.0,0.0,163.0,30.0,163.0,163.0,59.0,0.0,0.0,59.0,0.0,0.0,0.0,0.0,0.0,0.0,0.0,,108.0,49.0,49.0,108.0
9134,226.0,263924,W,7585,553.0,150.0,visa,226.0,credit,472.0,87.0,,comcast.net,,1.0,1.0,0.0,0.0,0.0,1.0,0.0,0.0,0.0,0.0,1.0,0.0,0.0,0.0,474.0,474.0,473.0,,,0.0,,0.0,0.0,0.0,0.0,0.0,0.0,0.0,0.0,0.0,0.0,0.0,,0.0,0.0,0.0,0.0
6252,75.0,209974,W,13597,198.0,150.0,visa,226.0,debit,191.0,87.0,,gmail.com,,92.0,73.0,0.0,0.0,135.0,71.0,0.0,0.0,57.0,0.0,65.0,0.0,450.0,75.0,398.0,398.0,8.0,475.0,8.0,169.0,,185.0,0.0,0.0,185.0,0.0,0.0,0.0,0.0,0.0,0.0,0.0,,185.0,0.0,0.0,185.0
8279,50.0,250809,W,4115,568.0,150.0,visa,226.0,debit,330.0,87.0,,verizon.net,,1.0,2.0,0.0,0.0,0.0,1.0,0.0,0.0,4.0,0.0,1.0,0.0,17.0,1.0,165.0,165.0,32.0,,,145.0,,0.0,0.0,0.0,0.0,0.0,0.0,0.0,0.0,0.0,0.0,0.0,,0.0,0.0,0.0,0.0
7807,59.0,244230,W,11892,,150.0,mastercard,223.0,debit,498.0,87.0,1.0,gmail.com,,3.0,1.0,0.0,0.0,0.0,2.0,0.0,0.0,2.0,0.0,1.0,0.0,6.0,3.0,9.0,9.0,3.0,,,41.0,,0.0,0.0,0.0,0.0,0.0,0.0,0.0,0.0,0.0,0.0,0.0,,205.0,146.0,0.0,205.0
9515,150.0,273193,W,11157,215.0,150.0,visa,226.0,debit,204.0,87.0,,hotmail.com,,2.0,1.0,0.0,0.0,0.0,2.0,0.0,0.0,2.0,0.0,1.0,0.0,2.0,1.0,2.0,2.0,1.0,1.0,1.0,145.0,,220.0,220.0,0.0,220.0,220.0,0.0,0.0,0.0,0.0,0.0,0.0,,360.0,360.0,0.0,220.0
4190,41.5,162926,W,7680,360.0,150.0,mastercard,229.0,debit,272.0,87.0,,icloud.com,,1.0,1.0,0.0,0.0,0.0,1.0,0.0,0.0,0.0,0.0,1.0,0.0,1.0,1.0,0.0,,,,,0.0,,0.0,0.0,0.0,0.0,0.0,0.0,0.0,0.0,0.0,0.0,0.0,,0.0,0.0,0.0,0.0
6062,60.0,190214,W,10186,417.0,150.0,visa,226.0,debit,325.0,87.0,,,,15.0,12.0,0.0,0.0,14.0,14.0,0.0,0.0,11.0,0.0,11.0,0.0,44.0,13.0,42.0,42.0,7.0,,,38.0,,0.0,0.0,0.0,0.0,0.0,0.0,0.0,0.0,0.0,0.0,0.0,,250.0,60.0,0.0,250.0
673,10.0,99189,W,10112,360.0,150.0,visa,166.0,debit,204.0,87.0,4.0,yahoo.com,,1.0,1.0,0.0,0.0,1.0,1.0,0.0,0.0,1.0,0.0,1.0,0.0,3.0,1.0,48.0,48.0,24.0,47.0,24.0,47.0,0.0,0.0,0.0,0.0,0.0,0.0,0.0,0.0,0.0,0.0,0.0,0.0,,30.0,0.0,0.0,30.0
8501,25.0,254004,W,1720,294.0,150.0,visa,226.0,debit,315.0,87.0,6.0,hotmail.com,,3.0,3.0,0.0,0.0,1.0,1.0,0.0,0.0,1.0,0.0,2.0,0.0,3.0,3.0,0.0,,,,,0.0,,0.0,0.0,0.0,0.0,0.0,0.0,0.0,0.0,0.0,0.0,0.0,,0.0,0.0,0.0,0.0
9993,50.0,313044,H,3998,399.0,150.0,american express,223.0,credit,337.0,87.0,,yahoo.com,gmail.com,1.0,1.0,0.0,1.0,0.0,1.0,0.0,1.0,0.0,1.0,1.0,0.0,1.0,1.0,0.0,,,,,,,0.0,0.0,0.0,0.0,0.0,0.0,0.0,0.0,0.0,0.0,0.0,0.0,0.0,0.0,0.0,0.0
795,10.755,102630,C,4461,375.0,185.0,mastercard,224.0,debit,,,,gmail.com,gmail.com,1.0,1.0,0.0,1.0,0.0,1.0,1.0,1.0,0.0,1.0,1.0,1.0,1.0,1.0,0.0,,,0.0,,0.0,,0.0,0.0,0.0,0.0,0.0,0.0,0.0,0.0,0.0,0.0,0.0,,0.0,0.0,0.0,0.0
6830,60.0,231231,W,11839,490.0,150.0,visa,226.0,debit,512.0,87.0,,gmail.com,,2.0,1.0,0.0,0.0,0.0,1.0,0.0,0.0,1.0,0.0,1.0,0.0,3.0,2.0,52.0,52.0,52.0,52.0,5.0,52.0,,0.0,0.0,0.0,0.0,0.0,0.0,0.0,0.0,0.0,0.0,0.0,,0.0,0.0,0.0,0.0
2020,160.95,141613,W,10838,143.0,150.0,visa,226.0,debit,205.0,87.0,4.0,,,2.0,4.0,0.0,0.0,1.0,0.0,0.0,0.0,4.0,0.0,2.0,0.0,10.0,2.0,0.0,,,,,120.0,242.0,0.0,0.0,0.0,0.0,0.0,0.0,0.0,0.0,0.0,0.0,0.0,,0.0,0.0,0.0,0.0
2233,57.95,144120,W,4436,174.0,150.0,visa,183.0,debit,330.0,87.0,,gmail.com,,1.0,1.0,0.0,0.0,5.0,2.0,0.0,0.0,0.0,0.0,1.0,0.0,8.0,1.0,56.0,56.0,16.0,0.0,,56.0,,0.0,0.0,0.0,0.0,0.0,0.0,0.0,0.0,0.0,0.0,0.0,,119.8499984741211,0.0,0.0,88.9000015258789
8706,460.87,256724,W,11987,216.0,150.0,visa,226.0,credit,337.0,87.0,1157.0,hotmail.com,,1.0,1.0,0.0,0.0,1.0,1.0,0.0,0.0,0.0,0.0,1.0,0.0,1.0,1.0,0.0,,,,,0.0,,0.0,0.0,0.0,0.0,0.0,0.0,0.0,0.0,0.0,0.0,0.0,,0.0,0.0,0.0,0.0
5674,58.95,179814,W,12035,360.0,150.0,mastercard,224.0,debit,485.0,87.0,,outlook.com,,3.0,2.0,0.0,0.0,4.0,2.0,0.0,0.0,1.0,0.0,1.0,0.0,15.0,2.0,130.0,130.0,79.0,,,152.0,,0.0,0.0,0.0,0.0,0.0,0.0,0.0,0.0,0.0,0.0,0.0,,0.0,0.0,0.0,0.0
8827,92.0,258486,W,4077,390.0,150.0,mastercard,117.0,debit,315.0,87.0,14.0,,,1.0,1.0,0.0,0.0,0.0,0.0,0.0,0.0,1.0,0.0,1.0,0.0,1.0,1.0,0.0,,,,,0.0,,0.0,0.0,0.0,0.0,0.0,0.0,0.0,0.0,0.0,0.0,0.0,,0.0,0.0,0.0,0.0
5421,23.443,176156,C,15885,545.0,185.0,visa,138.0,debit,,,,hotmail.com,hotmail.com,1.0,3.0,0.0,1.0,0.0,1.0,1.0,2.0,0.0,2.0,2.0,2.0,2.0,1.0,51.0,51.0,10.0,,,0.0,,0.0,0.0,0.0,0.0,0.0,0.0,0.0,0.0,0.0,0.0,0.0,,75.64579772949219,0.0,0.0,75.64579772949219
3482,65.254,155934,C,15885,545.0,185.0,visa,138.0,debit,,,,hotmail.com,hotmail.com,1.0,1.0,0.0,1.0,0.0,1.0,1.0,1.0,0.0,1.0,1.0,1.0,1.0,1.0,0.0,,,,,0.0,,0.0,0.0,0.0,0.0,0.0,0.0,0.0,0.0,0.0,0.0,0.0,,0.0,0.0,0.0,0.0
8467,150.0,253519,W,15142,512.0,150.0,mastercard,224.0,debit,170.0,87.0,,gmail.com,,4.0,4.0,0.0,0.0,0.0,8.0,0.0,0.0,1.0,0.0,4.0,0.0,56.0,4.0,148.0,114.0,11.0,,,257.0,,0.0,0.0,0.0,0.0,0.0,0.0,0.0,0.0,0.0,0.0,0.0,,800.0,0.0,0.0,800.0
4775,100.0,169286,H,10486,514.0,150.0,mastercard,219.0,credit,225.0,87.0,,gmail.com,,1.0,1.0,0.0,0.0,0.0,1.0,0.0,1.0,0.0,1.0,1.0,0.0,0.0,0.0,0.0,,,,,,,0.0,0.0,0.0,0.0,0.0,0.0,0.0,0.0,0.0,0.0,0.0,0.0,0.0,0.0,0.0,0.0
8663,100.0,256095,W,10895,167.0,150.0,visa,226.0,debit,485.0,87.0,,gmail.com,,5.0,4.0,0.0,0.0,1.0,2.0,0.0,0.0,2.0,0.0,2.0,0.0,8.0,4.0,236.0,236.0,8.0,,,48.0,,0.0,0.0,0.0,0.0,0.0,0.0,0.0,0.0,0.0,0.0,0.0,,100.0,0.0,0.0,100.0
3842,100.0,159587,R,8684,117.0,150.0,visa,226.0,debit,315.0,87.0,,gmail.com,gmail.com,1.0,1.0,0.0,1.0,0.0,1.0,0.0,1.0,0.0,1.0,1.0,0.0,1.0,1.0,0.0,,,,,,,0.0,0.0,0.0,0.0,0.0,0.0,0.0,0.0,0.0,0.0,0.0,0.0,0.0,0.0,0.0,0.0
7601,39.0,241699,W,17131,111.0,150.0,mastercard,224.0,debit,264.0,87.0,,gmail.com,,2.0,1.0,0.0,0.0,0.0,1.0,0.0,0.0,1.0,0.0,1.0,0.0,2.0,2.0,0.0,,,,,169.0,,0.0,0.0,0.0,0.0,0.0,0.0,0.0,0.0,0.0,0.0,0.0,,0.0,0.0,0.0,0.0
4098,117.0,162139,W,18132,567.0,150.0,mastercard,117.0,debit,441.0,87.0,0.0,gmail.com,,1.0,1.0,0.0,0.0,0.0,1.0,0.0,0.0,1.0,0.0,1.0,0.0,1.0,1.0,0.0,,,,,0.0,,0.0,0.0,0.0,0.0,0.0,0.0,0.0,0.0,0.0,0.0,0.0,,0.0,0.0,0.0,0.0
4640,90.0,167718,W,12361,321.0,150.0,visa,226.0,debit,204.0,87.0,157.0,yahoo.com,,1.0,2.0,0.0,0.0,0.0,2.0,0.0,0.0,1.0,0.0,1.0,0.0,9.0,1.0,95.0,95.0,4.0,42.0,4.0,42.0,95.0,516.0,226.0,0.0,516.0,226.0,0.0,0.0,0.0,0.0,0.0,0.0,,516.0,226.0,0.0,516.0
2107,52.5,142743,W,7669,455.0,150.0,mastercard,126.0,debit,299.0,87.0,12.0,,,1.0,1.0,0.0,0.0,0.0,0.0,0.0,0.0,1.0,0.0,1.0,0.0,1.0,1.0,0.0,,,,,0.0,0.0,0.0,0.0,0.0,0.0,0.0,0.0,0.0,0.0,0.0,0.0,0.0,,0.0,0.0,0.0,0.0
251,100.0,90365,W,10057,225.0,150.0,mastercard,224.0,debit,315.0,87.0,,,,7.0,5.0,0.0,0.0,2.0,2.0,0.0,0.0,3.0,0.0,4.0,0.0,18.0,7.0,10.0,10.0,0.0,,,10.0,,246.97000122070312,100.0,0.0,146.97000122070312,0.0,0.0,0.0,0.0,100.0,100.0,100.0,,246.97000122070312,100.0,0.0,146.97000122070312
3704,10.0,158071,S,8732,360.0,150.0,mastercard,229.0,debit,441.0,87.0,,,gmail.com,35.0,29.0,0.0,21.0,0.0,5.0,0.0,38.0,0.0,58.0,24.0,0.0,54.0,5.0,19.0,,,,,,,40.0,40.0,0.0,0.0,0.0,30.0,30.0,30.0,10.0,10.0,10.0,0.0,65.0,30.0,0.0,0.0
7646,25.0,242241,W,13674,555.0,150.0,visa,226.0,debit,444.0,87.0,,,,1.0,1.0,0.0,0.0,0.0,0.0,0.0,0.0,1.0,0.0,1.0,0.0,4.0,1.0,33.0,33.0,12.0,,,33.0,,41.0,0.0,0.0,41.0,0.0,0.0,0.0,0.0,0.0,0.0,0.0,,41.0,0.0,0.0,41.0
6060,100.0,190146,W,4272,111.0,150.0,visa,226.0,debit,299.0,87.0,,gmail.com,,1.0,1.0,0.0,0.0,2.0,1.0,0.0,0.0,2.0,0.0,2.0,0.0,12.0,1.0,239.0,239.0,6.0,238.0,6.0,238.0,,0.0,0.0,0.0,0.0,0.0,0.0,0.0,0.0,0.0,0.0,0.0,,189.9499969482422,42.0,0.0,189.9499969482422
6850,26.5,231523,W,5433,555.0,150.0,visa,166.0,debit,324.0,87.0,,yahoo.com,,1.0,1.0,0.0,0.0,0.0,1.0,0.0,0.0,1.0,0.0,1.0,0.0,1.0,1.0,0.0,,,,,0.0,,0.0,0.0,0.0,0.0,0.0,0.0,0.0,0.0,0.0,0.0,0.0,,0.0,0.0,0.0,0.0
4513,107.95,166378,W,7919,194.0,150.0,mastercard,166.0,debit,433.0,87.0,15.0,,,5.0,8.0,0.0,0.0,5.0,3.0,0.0,0.0,4.0,0.0,5.0,0.0,12.0,4.0,0.0,,,,,0.0,,0.0,0.0,0.0,0.0,0.0,0.0,0.0,0.0,0.0,0.0,0.0,,0.0,0.0,0.0,0.0
1650,212.0,137022,W,17400,174.0,150.0,visa,226.0,debit,181.0,87.0,6.0,anonymous.com,,2.0,2.0,0.0,0.0,0.0,1.0,0.0,0.0,3.0,0.0,1.0,0.0,6.0,2.0,17.0,17.0,0.0,22.0,0.0,17.0,13.0,400.0,400.0,0.0,0.0,0.0,400.0,400.0,400.0,0.0,0.0,0.0,,898.0,697.0,0.0,188.0
1891,150.0,140382,W,13108,215.0,150.0,visa,226.0,debit,191.0,87.0,,gmail.com,,2.0,1.0,0.0,0.0,0.0,2.0,0.0,0.0,1.0,0.0,2.0,0.0,10.0,2.0,74.0,74.0,13.0,27.0,13.0,74.0,,0.0,0.0,0.0,0.0,0.0,0.0,0.0,0.0,0.0,0.0,0.0,,441.0,0.0,0.0,441.0
4731,107.95,168786,W,2803,100.0,150.0,visa,226.0,debit,494.0,87.0,8.0,aol.com,,3.0,4.0,0.0,0.0,2.0,2.0,0.0,0.0,2.0,0.0,4.0,0.0,5.0,3.0,32.0,32.0,13.0,,,32.0,440.0,0.0,0.0,0.0,0.0,0.0,0.0,0.0,0.0,0.0,0.0,0.0,,57.95000076293945,0.0,0.0,57.95000076293945
5795,100.0,182397,W,2772,512.0,150.0,visa,226.0,debit,143.0,87.0,,gmail.com,,4.0,4.0,0.0,0.0,0.0,3.0,0.0,0.0,4.0,0.0,2.0,0.0,25.0,2.0,154.0,136.0,2.0,187.0,2.0,2.0,,366.0,366.0,0.0,0.0,0.0,0.0,366.0,366.0,0.0,0.0,0.0,,1538.0,696.0,0.0,811.0
7636,47.95,242112,W,2646,449.0,150.0,visa,166.0,debit,264.0,87.0,7.0,gmail.com,,1.0,1.0,0.0,0.0,1.0,1.0,0.0,0.0,1.0,0.0,1.0,0.0,1.0,1.0,0.0,,,0.0,,0.0,0.0,0.0,0.0,0.0,0.0,0.0,0.0,0.0,0.0,0.0,0.0,0.0,,0.0,0.0,0.0,0.0
3887,1877.07,160093,W,9043,170.0,150.0,visa,195.0,credit,264.0,87.0,,hotmail.com,,1.0,1.0,0.0,0.0,1.0,1.0,0.0,0.0,1.0,0.0,1.0,0.0,1.0,1.0,0.0,,,,,0.0,,0.0,0.0,0.0,0.0,0.0,0.0,0.0,0.0,0.0,0.0,0.0,,0.0,0.0,0.0,0.0
7146,117.0,235462,W,5653,429.0,150.0,visa,226.0,debit,204.0,87.0,,,,1.0,1.0,0.0,0.0,0.0,0.0,0.0,0.0,1.0,0.0,1.0,0.0,1.0,1.0,0.0,,,,,0.0,,0.0,0.0,0.0,0.0,0.0,0.0,0.0,0.0,0.0,0.0,0.0,,0.0,0.0,0.0,0.0
5156,117.0,173265,W,12932,361.0,150.0,visa,226.0,debit,204.0,87.0,,yahoo.com,,1.0,1.0,0.0,0.0,0.0,1.0,0.0,0.0,1.0,0.0,1.0,0.0,0.0,0.0,0.0,,,,,0.0,,0.0,0.0,0.0,0.0,0.0,0.0,0.0,0.0,0.0,0.0,0.0,,0.0,0.0,0.0,0.0
3921,93.95,160414,W,9992,455.0,150.0,mastercard,126.0,debit,205.0,87.0,,yahoo.com,,1.0,1.0,0.0,0.0,1.0,1.0,0.0,0.0,0.0,0.0,1.0,0.0,1.0,1.0,0.0,,,,,0.0,,0.0,0.0,0.0,0.0,0.0,0.0,0.0,0.0,0.0,0.0,0.0,,0.0,0.0,0.0,0.0
1562,105.0,135616,W,1675,174.0,150.0,visa,226.0,debit,123.0,87.0,,,,1.0,1.0,0.0,0.0,0.0,0.0,0.0,0.0,1.0,0.0,1.0,0.0,6.0,1.0,58.0,58.0,13.0,,,58.0,,0.0,0.0,0.0,0.0,0.0,0.0,0.0,0.0,0.0,0.0,0.0,,110.0,0.0,0.0,110.0
8109,5.0,248024,S,1675,174.0,150.0,visa,226.0,debit,330.0,87.0,,,comcast.net,10.0,5.0,0.0,3.0,0.0,0.0,0.0,6.0,0.0,8.0,4.0,0.0,186.0,8.0,304.0,304.0,,,,307.0,,195.0,70.0,10.0,195.0,70.0,0.0,0.0,0.0,0.0,0.0,0.0,0.0,205.0,70.0,10.0,205.0
3570,77.95,156861,W,9048,420.0,150.0,mastercard,224.0,debit,143.0,87.0,,,,3.0,1.0,0.0,0.0,2.0,0.0,0.0,0.0,2.0,0.0,1.0,0.0,5.0,3.0,137.0,137.0,0.0,,,416.0,,233.8500061035156,233.8500061035156,0.0,0.0,0.0,0.0,0.0,0.0,233.8500061035156,233.8500061035156,233.8500061035156,,233.8500061035156,233.8500061035156,0.0,0.0
1247,280.0,129059,W,7207,111.0,150.0,visa,226.0,debit,204.0,87.0,,att.net,,1.0,2.0,0.0,0.0,1.0,1.0,0.0,0.0,1.0,0.0,2.0,0.0,11.0,1.0,454.0,454.0,31.0,454.0,31.0,0.0,,0.0,0.0,0.0,0.0,0.0,0.0,0.0,0.0,0.0,0.0,0.0,,0.0,0.0,0.0,0.0
1731,100.0,138269,W,13481,199.0,150.0,mastercard,224.0,debit,325.0,87.0,,aol.com,,1.0,1.0,0.0,0.0,0.0,1.0,0.0,0.0,1.0,0.0,1.0,0.0,25.0,1.0,193.0,193.0,7.0,193.0,7.0,193.0,,0.0,0.0,0.0,0.0,0.0,0.0,0.0,0.0,0.0,0.0,0.0,,400.0,100.0,0.0,400.0
4521,34.0,166454,W,17498,420.0,150.0,mastercard,224.0,debit,433.0,87.0,,anonymous.com,,2.0,1.0,0.0,0.0,0.0,1.0,0.0,0.0,1.0,0.0,1.0,0.0,3.0,2.0,148.0,148.0,0.0,,,148.0,,29.5,29.5,0.0,0.0,0.0,0.0,0.0,0.0,29.5,29.5,29.5,,29.5,29.5,0.0,0.0
6547,30.95,226244,W,7919,194.0,150.0,mastercard,166.0,debit,264.0,87.0,181.0,gmail.com,,96.0,104.0,0.0,0.0,160.0,69.0,0.0,0.0,60.0,0.0,72.0,0.0,538.0,80.0,29.0,29.0,0.0,,,246.0,,0.0,0.0,0.0,0.0,0.0,0.0,0.0,0.0,0.0,0.0,0.0,,312.95001220703125,209.9499969482422,209.9499969482422,312.95001220703125
6603,261.95,227293,W,12695,490.0,150.0,visa,226.0,debit,325.0,87.0,16.0,me.com,,1.0,1.0,0.0,0.0,1.0,1.0,0.0,0.0,2.0,0.0,1.0,0.0,3.0,1.0,30.0,30.0,19.0,,,30.0,,0.0,0.0,0.0,0.0,0.0,0.0,0.0,0.0,0.0,0.0,0.0,,673.9000244140625,0.0,0.0,673.9000244140625
2075,209.95,142349,W,9206,350.0,150.0,visa,226.0,debit,337.0,87.0,0.0,,,1.0,1.0,0.0,0.0,1.0,0.0,0.0,0.0,1.0,0.0,1.0,0.0,2.0,1.0,9.0,9.0,10.0,,,10.0,0.0,0.0,0.0,0.0,0.0,0.0,0.0,0.0,0.0,0.0,0.0,0.0,,311.95001220703125,0.0,0.0,311.95001220703125
6631,350.0,227641,W,7676,512.0,150.0,visa,226.0,debit,469.0,87.0,,juno.com,,1.0,1.0,0.0,0.0,0.0,1.0,0.0,0.0,1.0,0.0,1.0,0.0,8.0,1.0,369.0,369.0,47.0,369.0,47.0,369.0,,0.0,0.0,0.0,0.0,0.0,0.0,0.0,0.0,0.0,0.0,0.0,,0.0,0.0,0.0,0.0
31,363.89,86998,W,6573,583.0,150.0,visa,226.0,credit,315.0,87.0,13.0,yahoo.com,,1.0,1.0,0.0,0.0,1.0,1.0,0.0,0.0,1.0,0.0,1.0,0.0,1.0,1.0,0.0,,,0.0,,0.0,0.0,0.0,0.0,0.0,0.0,0.0,0.0,0.0,0.0,0.0,0.0,0.0,,0.0,0.0,0.0,0.0
4511,311.95,166360,W,12037,595.0,150.0,mastercard,224.0,debit,231.0,87.0,6.0,yahoo.com,,6.0,2.0,0.0,0.0,3.0,4.0,0.0,0.0,2.0,0.0,3.0,0.0,9.0,2.0,0.0,,0.0,,,356.0,0.0,1235.8499755859375,1235.8499755859375,0.0,0.0,0.0,923.9000244140624,923.9000244140624,923.9000244140624,311.95001220703125,311.95001220703125,311.95001220703125,,1235.8499755859375,1235.8499755859375,0.0,0.0
7931,59.0,245858,W,7919,194.0,150.0,mastercard,166.0,debit,272.0,87.0,,hotmail.com,,1.0,1.0,0.0,0.0,0.0,1.0,0.0,0.0,1.0,0.0,1.0,0.0,1.0,1.0,0.0,,,,,0.0,,0.0,0.0,0.0,0.0,0.0,0.0,0.0,0.0,0.0,0.0,0.0,,0.0,0.0,0.0,0.0
8313,100.0,251322,W,1744,530.0,150.0,visa,226.0,debit,476.0,87.0,,,,1.0,1.0,0.0,0.0,1.0,0.0,0.0,0.0,3.0,0.0,1.0,0.0,13.0,1.0,293.0,293.0,31.0,,,293.0,,0.0,0.0,0.0,0.0,0.0,0.0,0.0,0.0,0.0,0.0,0.0,,0.0,0.0,0.0,0.0
2609,48.95,147706,W,15832,583.0,150.0,mastercard,195.0,credit,325.0,87.0,2.0,gmail.com,,1.0,4.0,0.0,0.0,2.0,1.0,0.0,0.0,2.0,0.0,1.0,0.0,11.0,1.0,418.0,387.0,31.0,,,417.0,,0.0,0.0,0.0,0.0,0.0,0.0,0.0,0.0,0.0,0.0,0.0,,0.0,0.0,0.0,0.0
8699,41.327,256671,C,5365,177.0,185.0,mastercard,224.0,credit,,,,,,6.0,10.0,0.0,1.0,0.0,1.0,2.0,1.0,0.0,2.0,3.0,3.0,2.0,1.0,0.0,,,,,0.0,,0.0,0.0,0.0,0.0,0.0,0.0,0.0,0.0,0.0,0.0,0.0,,0.0,0.0,0.0,0.0
9100,54.0,263431,W,7919,194.0,150.0,mastercard,166.0,debit,387.0,87.0,6.0,,,1.0,1.0,0.0,0.0,0.0,2.0,0.0,0.0,1.0,0.0,1.0,0.0,3.0,1.0,32.0,32.0,0.0,,,31.0,,153.0,153.0,0.0,54.0,54.0,99.0,99.0,99.0,0.0,0.0,0.0,,198.0,198.0,0.0,54.0
5718,226.0,180921,W,15066,170.0,150.0,mastercard,102.0,credit,126.0,87.0,,aol.com,,1.0,1.0,0.0,0.0,0.0,1.0,0.0,0.0,1.0,0.0,1.0,0.0,1.0,1.0,0.0,,,,,0.0,,0.0,0.0,0.0,0.0,0.0,0.0,0.0,0.0,0.0,0.0,0.0,,0.0,0.0,0.0,0.0
2316,120.0,144954,H,18268,583.0,150.0,visa,226.0,credit,472.0,87.0,,gmail.com,gmail.com,2.0,2.0,0.0,2.0,0.0,1.0,0.0,1.0,0.0,1.0,1.0,0.0,2.0,1.0,0.0,0.0,,,,,,0.0,0.0,0.0,0.0,0.0,0.0,0.0,0.0,0.0,0.0,0.0,0.0,120.0,120.0,120.0,120.0
965,35.0,110162,H,6021,321.0,150.0,visa,226.0,credit,299.0,87.0,,gmail.com,,1.0,1.0,0.0,0.0,0.0,1.0,0.0,1.0,0.0,1.0,1.0,0.0,1.0,1.0,0.0,,,,,,,0.0,0.0,0.0,0.0,0.0,0.0,0.0,0.0,0.0,0.0,0.0,0.0,0.0,0.0,0.0,0.0
6623,102.95,227491,W,1764,158.0,150.0,visa,226.0,debit,315.0,87.0,11.0,,,7.0,4.0,0.0,0.0,7.0,3.0,0.0,0.0,3.0,0.0,3.0,0.0,28.0,5.0,90.0,90.0,21.0,,,317.0,317.0,0.0,0.0,0.0,0.0,0.0,0.0,0.0,0.0,0.0,0.0,0.0,,129.94999694824222,0.0,0.0,129.94999694824222
6100,58.95,191901,W,1030,157.0,150.0,visa,226.0,debit,205.0,87.0,3.0,,,1.0,1.0,0.0,0.0,1.0,0.0,0.0,0.0,1.0,0.0,1.0,0.0,3.0,1.0,57.0,57.0,28.0,,,56.0,0.0,0.0,0.0,0.0,0.0,0.0,0.0,0.0,0.0,0.0,0.0,0.0,,58.95000076293945,0.0,0.0,58.95000076293945
8137,50.0,248415,H,2616,327.0,150.0,discover,102.0,credit,264.0,87.0,,yahoo.com,,1.0,1.0,0.0,0.0,0.0,1.0,0.0,1.0,0.0,1.0,1.0,0.0,1.0,1.0,0.0,,,0.0,,0.0,,0.0,0.0,0.0,0.0,0.0,0.0,0.0,0.0,0.0,0.0,0.0,0.0,0.0,0.0,0.0,0.0
9833,75.0,307126,H,7585,553.0,150.0,visa,226.0,credit,231.0,87.0,,anonymous.com,,1.0,1.0,0.0,0.0,0.0,1.0,0.0,1.0,0.0,1.0,1.0,0.0,1.0,1.0,0.0,,,,,,,0.0,0.0,0.0,0.0,0.0,0.0,0.0,0.0,0.0,0.0,0.0,0.0,0.0,0.0,0.0,0.0
2251,29.5,144289,W,7911,443.0,150.0,mastercard,224.0,debit,441.0,87.0,,gmail.com,,1.0,1.0,0.0,0.0,0.0,2.0,0.0,0.0,1.0,0.0,1.0,0.0,2.0,1.0,0.0,0.0,0.0,,,0.0,,34.0,34.0,34.0,34.0,34.0,0.0,0.0,0.0,0.0,0.0,0.0,,34.0,34.0,34.0,34.0
1713,35.0,138047,H,17188,321.0,150.0,visa,226.0,debit,204.0,87.0,,gmail.com,aol.com,1.0,1.0,0.0,1.0,0.0,1.0,0.0,1.0,0.0,1.0,1.0,0.0,1.0,1.0,0.0,,,,,,,0.0,0.0,0.0,0.0,0.0,0.0,0.0,0.0,0.0,0.0,0.0,0.0,0.0,0.0,0.0,0.0
1593,200.0,136160,W,3094,276.0,150.0,visa,226.0,debit,191.0,87.0,9.0,yahoo.com,,111.0,103.0,0.0,0.0,90.0,86.0,0.0,0.0,68.0,0.0,81.0,0.0,435.0,92.0,109.0,109.0,4.0,415.0,4.0,415.0,326.0,0.0,0.0,0.0,0.0,0.0,0.0,0.0,0.0,0.0,0.0,0.0,,247.9499969482422,25.0,0.0,247.9499969482422
8868,47.95,259369,W,18132,567.0,150.0,mastercard,117.0,debit,184.0,87.0,,yahoo.com,,8.0,5.0,0.0,0.0,2.0,6.0,0.0,0.0,3.0,0.0,5.0,0.0,14.0,7.0,150.0,150.0,150.0,83.0,23.0,150.0,,0.0,0.0,0.0,0.0,0.0,0.0,0.0,0.0,0.0,0.0,0.0,,0.0,0.0,0.0,0.0
7205,100.0,236409,W,7919,194.0,150.0,mastercard,166.0,debit,315.0,87.0,,gmail.com,,1.0,1.0,0.0,0.0,1.0,2.0,0.0,0.0,1.0,0.0,1.0,0.0,9.0,1.0,271.0,271.0,29.0,60.0,29.0,271.0,,0.0,0.0,0.0,0.0,0.0,0.0,0.0,0.0,0.0,0.0,0.0,,100.0,0.0,0.0,100.0
4302,20.0,164178,S,17336,264.0,150.0,visa,226.0,credit,203.0,87.0,,,gmail.com,3.0,3.0,0.0,1.0,0.0,0.0,0.0,1.0,0.0,1.0,3.0,0.0,2.0,2.0,0.0,,,,,,,0.0,0.0,0.0,0.0,0.0,0.0,0.0,0.0,0.0,0.0,0.0,0.0,0.0,0.0,0.0,0.0
8020,226.0,246865,W,18132,567.0,150.0,mastercard,117.0,debit,204.0,87.0,,yahoo.com,,1.0,1.0,0.0,0.0,0.0,1.0,0.0,0.0,1.0,0.0,1.0,0.0,1.0,1.0,0.0,,,0.0,,0.0,0.0,0.0,0.0,0.0,0.0,0.0,0.0,0.0,0.0,0.0,0.0,0.0,,0.0,0.0,0.0,0.0
1217,100.0,127953,W,7322,411.0,150.0,visa,226.0,debit,170.0,87.0,,gmail.com,,1.0,1.0,0.0,0.0,0.0,1.0,0.0,0.0,1.0,0.0,1.0,0.0,3.0,1.0,149.0,149.0,1.0,149.0,1.0,149.0,,0.0,0.0,0.0,0.0,0.0,0.0,0.0,0.0,0.0,0.0,0.0,,150.0,150.0,150.0,150.0
3079,37.702,152130,C,15257,375.0,185.0,mastercard,224.0,debit,,,,hotmail.com,hotmail.com,2.0,7.0,0.0,1.0,0.0,1.0,1.0,4.0,0.0,5.0,4.0,4.0,4.0,2.0,0.0,,,0.0,,0.0,,0.0,0.0,0.0,0.0,0.0,0.0,0.0,0.0,0.0,0.0,0.0,,0.0,0.0,0.0,0.0
487,59.0,94642,W,12598,111.0,150.0,visa,166.0,debit,299.0,87.0,,gmail.com,,1.0,1.0,0.0,0.0,0.0,1.0,0.0,0.0,0.0,0.0,1.0,0.0,1.0,1.0,0.0,,,0.0,,0.0,,0.0,0.0,0.0,0.0,0.0,0.0,0.0,0.0,0.0,0.0,0.0,,0.0,0.0,0.0,0.0
4630,25.0,167553,W,15484,418.0,150.0,visa,226.0,debit,264.0,87.0,,gmail.com,,2.0,3.0,0.0,0.0,0.0,1.0,0.0,0.0,1.0,0.0,1.0,0.0,3.0,2.0,31.0,31.0,0.0,,,0.0,,58.0,58.0,58.0,58.0,58.0,0.0,0.0,0.0,0.0,0.0,0.0,,58.0,58.0,58.0,58.0
8709,59.0,256756,W,1444,490.0,150.0,visa,166.0,debit,325.0,87.0,460.0,gmail.com,,1.0,1.0,0.0,0.0,0.0,1.0,0.0,0.0,1.0,0.0,1.0,0.0,1.0,1.0,0.0,,,,,0.0,0.0,0.0,0.0,0.0,0.0,0.0,0.0,0.0,0.0,0.0,0.0,0.0,,0.0,0.0,0.0,0.0
9972,24.017,312427,C,15751,555.0,188.0,visa,137.0,credit,,,,yahoo.es,yahoo.es,3.0,13.0,0.0,1.0,0.0,1.0,1.0,3.0,0.0,3.0,2.0,2.0,3.0,2.0,6.0,6.0,5.0,,,0.0,,0.0,0.0,0.0,0.0,0.0,0.0,0.0,0.0,0.0,0.0,0.0,,123.55919647216795,123.55919647216795,0.0,19.48539924621582
7539,63.95,240675,W,16326,321.0,150.0,visa,226.0,credit,264.0,87.0,223.0,gmail.com,,1.0,1.0,0.0,0.0,1.0,1.0,0.0,0.0,1.0,0.0,1.0,0.0,1.0,1.0,0.0,,,,,0.0,,0.0,0.0,0.0,0.0,0.0,0.0,0.0,0.0,0.0,0.0,0.0,,0.0,0.0,0.0,0.0
1084,335.0,117749,W,7919,194.0,150.0,mastercard,202.0,debit,123.0,87.0,1764.0,,,111.0,106.0,0.0,0.0,137.0,76.0,0.0,0.0,62.0,0.0,81.0,0.0,394.0,83.0,30.0,,0.0,,,30.0,0.0,769.0,365.0,0.0,0.0,0.0,365.0,769.0,365.0,0.0,0.0,0.0,,769.0,365.0,0.0,0.0
4071,53.95,161958,W,12275,543.0,150.0,mastercard,117.0,debit,315.0,87.0,,yahoo.com,,1.0,2.0,0.0,0.0,1.0,1.0,0.0,0.0,1.0,0.0,1.0,0.0,15.0,1.0,395.0,395.0,0.0,480.0,0.0,0.0,,107.9499969482422,107.9499969482422,0.0,0.0,0.0,0.0,0.0,0.0,107.9499969482422,107.9499969482422,107.9499969482422,,483.8500061035156,323.8500061035156,0.0,160.0
7169,36.95,235914,W,1551,555.0,150.0,visa,226.0,debit,204.0,87.0,25.0,gmail.com,,1.0,1.0,0.0,0.0,1.0,1.0,0.0,0.0,1.0,0.0,1.0,0.0,3.0,1.0,19.0,19.0,7.0,,,19.0,,0.0,0.0,0.0,0.0,0.0,0.0,0.0,0.0,0.0,0.0,0.0,,132.89999389648438,0.0,0.0,132.89999389648438
5798,6.888,182503,C,3154,408.0,185.0,mastercard,224.0,debit,,,,hotmail.com,hotmail.com,3.0,8.0,0.0,5.0,0.0,5.0,5.0,6.0,0.0,5.0,6.0,6.0,6.0,2.0,188.0,188.0,74.0,299.0,74.0,0.0,,0.0,0.0,0.0,0.0,0.0,0.0,0.0,0.0,0.0,0.0,0.0,,0.0,0.0,0.0,0.0
4058,83.742,161827,C,4504,500.0,185.0,mastercard,219.0,credit,,,,gmail.com,gmail.com,61.0,45.0,0.0,7.0,0.0,7.0,7.0,51.0,0.0,16.0,22.0,22.0,5.0,3.0,0.0,0.0,0.0,,,0.0,,0.0,0.0,0.0,0.0,0.0,0.0,0.0,0.0,0.0,0.0,0.0,,58.003700256347656,58.003700256347656,58.003700256347656,58.003700256347656
3501,7.552,156084,C,3154,408.0,185.0,mastercard,224.0,debit,,,,,,3.0,36.0,0.0,1.0,0.0,1.0,1.0,2.0,0.0,16.0,2.0,2.0,32.0,2.0,411.0,411.0,4.0,,,,,0.0,0.0,0.0,0.0,0.0,0.0,0.0,0.0,0.0,0.0,0.0,,30.209999084472656,7.552499771118164,0.0,30.209999084472656
647,171.0,98334,W,17480,528.0,150.0,visa,226.0,credit,512.0,87.0,,aol.com,,1.0,1.0,0.0,0.0,0.0,1.0,0.0,0.0,0.0,0.0,1.0,0.0,0.0,0.0,0.0,,,0.0,,0.0,,0.0,0.0,0.0,0.0,0.0,0.0,0.0,0.0,0.0,0.0,0.0,,0.0,0.0,0.0,0.0
7261,146.0,236972,W,15125,111.0,150.0,visa,195.0,debit,325.0,87.0,1.0,anonymous.com,,2.0,2.0,0.0,0.0,0.0,1.0,0.0,0.0,3.0,0.0,1.0,0.0,7.0,2.0,0.0,,,,,0.0,,0.0,0.0,0.0,0.0,0.0,0.0,0.0,0.0,0.0,0.0,0.0,,0.0,0.0,0.0,0.0
6789,100.0,230558,H,15066,170.0,150.0,mastercard,102.0,credit,264.0,87.0,,anonymous.com,gmail.com,1.0,1.0,0.0,1.0,0.0,1.0,0.0,1.0,0.0,1.0,1.0,0.0,1.0,1.0,0.0,,,,,,,0.0,0.0,0.0,0.0,0.0,0.0,0.0,0.0,0.0,0.0,0.0,0.0,0.0,0.0,0.0,0.0
6349,39.0,221163,W,7919,194.0,150.0,mastercard,202.0,debit,204.0,87.0,12.0,gmail.com,,1.0,2.0,0.0,0.0,0.0,2.0,0.0,0.0,1.0,0.0,1.0,0.0,4.0,1.0,85.0,85.0,29.0,86.0,63.0,0.0,63.0,0.0,0.0,0.0,0.0,0.0,0.0,0.0,0.0,0.0,0.0,0.0,,39.0,0.0,0.0,39.0
2973,54.0,151173,W,4030,174.0,150.0,visa,226.0,debit,126.0,87.0,4.0,gmail.com,,1.0,1.0,0.0,0.0,0.0,1.0,0.0,0.0,1.0,0.0,1.0,0.0,3.0,1.0,42.0,42.0,27.0,42.0,27.0,42.0,42.0,0.0,0.0,0.0,0.0,0.0,0.0,0.0,0.0,0.0,0.0,0.0,,500.0,0.0,0.0,500.0
7942,49.0,245928,W,12695,490.0,150.0,visa,226.0,debit,325.0,87.0,0.0,gmail.com,,3.0,2.0,0.0,0.0,1.0,3.0,0.0,0.0,1.0,0.0,1.0,0.0,2.0,2.0,0.0,,,,,276.0,,0.0,0.0,0.0,0.0,0.0,0.0,0.0,0.0,0.0,0.0,0.0,,0.0,0.0,0.0,0.0
5123,93.0,172807,W,18039,563.0,150.0,visa,226.0,debit,204.0,87.0,,yahoo.com,,1.0,1.0,0.0,0.0,0.0,1.0,0.0,0.0,0.0,0.0,1.0,0.0,1.0,1.0,0.0,,,,,0.0,,0.0,0.0,0.0,0.0,0.0,0.0,0.0,0.0,0.0,0.0,0.0,,0.0,0.0,0.0,0.0
8520,189.95,254179,W,17188,321.0,150.0,visa,226.0,debit,299.0,87.0,1.0,gmail.com,,11.0,9.0,0.0,0.0,17.0,5.0,0.0,0.0,7.0,0.0,7.0,0.0,45.0,7.0,243.0,243.0,13.0,,,243.0,,0.0,0.0,0.0,0.0,0.0,0.0,0.0,0.0,0.0,0.0,0.0,,173.89999389648438,0.0,0.0,173.89999389648438
5094,50.0,172596,W,2772,512.0,150.0,visa,226.0,debit,226.0,87.0,89.0,yahoo.com,,1.0,1.0,0.0,0.0,2.0,1.0,0.0,0.0,1.0,0.0,1.0,0.0,7.0,1.0,70.0,70.0,14.0,70.0,14.0,70.0,70.0,0.0,0.0,0.0,0.0,0.0,0.0,0.0,0.0,0.0,0.0,0.0,,100.0,0.0,0.0,100.0
4830,6.405,169855,C,15885,545.0,185.0,visa,138.0,debit,,,,hotmail.com,hotmail.com,1.0,1.0,0.0,1.0,0.0,1.0,1.0,0.0,0.0,0.0,1.0,1.0,1.0,1.0,0.0,,,,,0.0,,0.0,0.0,0.0,0.0,0.0,0.0,0.0,0.0,0.0,0.0,0.0,,0.0,0.0,0.0,0.0
6727,65.0,229471,W,16736,308.0,150.0,visa,226.0,debit,191.0,87.0,,,,1.0,1.0,0.0,0.0,0.0,1.0,0.0,0.0,1.0,0.0,1.0,0.0,1.0,1.0,5.0,5.0,4.0,,,5.0,,0.0,0.0,0.0,0.0,0.0,0.0,0.0,0.0,0.0,0.0,0.0,,308.0,308.0,0.0,82.0
6690,50.0,228672,H,5293,321.0,150.0,visa,226.0,debit,123.0,87.0,,live.com,,1.0,1.0,0.0,0.0,0.0,1.0,0.0,1.0,0.0,1.0,1.0,0.0,1.0,1.0,0.0,,,,,,,0.0,0.0,0.0,0.0,0.0,0.0,0.0,0.0,0.0,0.0,0.0,0.0,0.0,0.0,0.0,0.0
4210,44.0,163073,W,3178,490.0,150.0,visa,226.0,debit,299.0,87.0,9.0,yahoo.com,,1.0,2.0,0.0,0.0,0.0,2.0,0.0,0.0,1.0,0.0,1.0,0.0,2.0,1.0,297.0,297.0,298.0,-90.0,,0.0,298.0,0.0,0.0,0.0,0.0,0.0,0.0,0.0,0.0,0.0,0.0,0.0,,0.0,0.0,0.0,0.0
9054,158.95,262878,W,13052,254.0,150.0,visa,226.0,debit,325.0,87.0,,yahoo.com,,1.0,1.0,0.0,0.0,1.0,1.0,0.0,0.0,1.0,0.0,1.0,0.0,2.0,1.0,56.0,56.0,55.0,55.0,55.0,55.0,,0.0,0.0,0.0,0.0,0.0,0.0,0.0,0.0,0.0,0.0,0.0,,0.0,0.0,0.0,0.0
5903,100.0,184988,R,10486,514.0,150.0,mastercard,219.0,credit,299.0,87.0,,anonymous.com,anonymous.com,1.0,1.0,0.0,1.0,0.0,1.0,0.0,1.0,0.0,1.0,1.0,0.0,1.0,1.0,0.0,,,,,,,0.0,0.0,0.0,0.0,0.0,0.0,0.0,0.0,0.0,0.0,0.0,0.0,0.0,0.0,0.0,0.0
7882,48.95,245312,W,15757,322.0,150.0,visa,195.0,debit,485.0,87.0,,yahoo.com,,1.0,1.0,0.0,0.0,1.0,1.0,0.0,0.0,1.0,0.0,1.0,0.0,1.0,1.0,0.0,,,,,0.0,,0.0,0.0,0.0,0.0,0.0,0.0,0.0,0.0,0.0,0.0,0.0,,0.0,0.0,0.0,0.0
3837,47.95,159568,W,8691,599.0,150.0,visa,166.0,debit,264.0,87.0,0.0,gmail.com,,1.0,2.0,0.0,0.0,1.0,2.0,0.0,0.0,1.0,0.0,1.0,0.0,3.0,1.0,28.0,28.0,14.0,,,0.0,,0.0,0.0,0.0,0.0,0.0,0.0,0.0,0.0,0.0,0.0,0.0,,83.9000015258789,0.0,0.0,83.9000015258789
3662,28.579,157649,C,5812,408.0,185.0,mastercard,224.0,debit,,,,hotmail.com,hotmail.com,1.0,1.0,0.0,1.0,0.0,1.0,1.0,1.0,0.0,1.0,1.0,1.0,1.0,1.0,0.0,,,0.0,,0.0,,0.0,0.0,0.0,0.0,0.0,0.0,0.0,0.0,0.0,0.0,0.0,,0.0,0.0,0.0,0.0
410,54.5,93082,W,13528,536.0,150.0,visa,226.0,debit,143.0,87.0,,yahoo.com,,1.0,1.0,0.0,0.0,0.0,1.0,0.0,0.0,1.0,0.0,1.0,0.0,2.0,1.0,394.0,394.0,67.0,394.0,67.0,394.0,,0.0,0.0,0.0,0.0,0.0,0.0,0.0,0.0,0.0,0.0,0.0,,0.0,0.0,0.0,0.0
2664,160.95,148308,W,5168,127.0,150.0,mastercard,224.0,debit,330.0,87.0,4.0,yahoo.com,,150.0,138.0,0.0,0.0,106.0,113.0,0.0,0.0,88.0,0.0,111.0,0.0,466.0,117.0,371.0,371.0,25.0,,,371.0,,0.0,0.0,0.0,0.0,0.0,0.0,0.0,0.0,0.0,0.0,0.0,,58.95000076293945,0.0,0.0,58.95000076293945
2737,664.0,148982,W,11157,215.0,150.0,visa,226.0,debit,433.0,87.0,6.0,gmail.com,,1.0,1.0,0.0,0.0,0.0,1.0,0.0,0.0,1.0,0.0,1.0,0.0,10.0,1.0,396.0,396.0,133.0,260.0,133.0,397.0,260.0,0.0,0.0,0.0,0.0,0.0,0.0,0.0,0.0,0.0,0.0,0.0,,0.0,0.0,0.0,0.0
6897,7.0,232025,S,15651,417.0,150.0,visa,226.0,debit,330.0,87.0,,,yahoo.com,1.0,4.0,0.0,1.0,0.0,0.0,0.0,7.0,0.0,4.0,1.0,0.0,19.0,1.0,252.0,252.0,13.0,,,134.0,,0.0,0.0,0.0,0.0,0.0,0.0,0.0,0.0,0.0,0.0,0.0,0.0,47.0,0.0,0.0,47.0
8127,117.0,248251,W,8088,316.0,150.0,visa,226.0,debit,325.0,87.0,12.0,aol.com,,4.0,3.0,0.0,0.0,0.0,2.0,0.0,0.0,2.0,0.0,1.0,0.0,27.0,4.0,108.0,108.0,16.0,375.0,16.0,343.0,375.0,0.0,0.0,0.0,0.0,0.0,0.0,0.0,0.0,0.0,0.0,0.0,,205.0,0.0,0.0,205.0
36,77.0,87149,W,4806,490.0,150.0,visa,226.0,debit,315.0,87.0,20.0,gmail.com,,8.0,4.0,0.0,0.0,0.0,6.0,0.0,0.0,4.0,0.0,5.0,0.0,18.0,5.0,478.0,478.0,210.0,477.0,109.0,0.0,446.0,0.0,0.0,0.0,0.0,0.0,0.0,0.0,0.0,0.0,0.0,0.0,,0.0,0.0,0.0,0.0
8794,47.95,258084,W,8320,476.0,150.0,visa,166.0,debit,177.0,87.0,2.0,gmail.com,,131.0,117.0,0.0,0.0,141.0,98.0,0.0,0.0,76.0,0.0,90.0,0.0,395.0,115.0,4.0,4.0,4.0,,,4.0,,0.0,0.0,0.0,0.0,0.0,0.0,0.0,0.0,0.0,0.0,0.0,,57.95000076293945,57.95000076293945,0.0,57.95000076293945
2358,226.0,145337,W,5033,269.0,150.0,mastercard,224.0,debit,264.0,87.0,196.0,,,3.0,1.0,0.0,0.0,0.0,3.0,0.0,0.0,1.0,0.0,1.0,0.0,5.0,3.0,12.0,,12.0,,,65.0,,0.0,0.0,0.0,0.0,0.0,0.0,0.0,0.0,0.0,0.0,0.0,,59.0,0.0,0.0,0.0
3898,40.0,160185,W,9400,111.0,150.0,mastercard,224.0,debit,315.0,87.0,2.0,yahoo.com,,3.0,1.0,0.0,0.0,1.0,1.0,0.0,0.0,1.0,0.0,1.0,0.0,12.0,3.0,90.0,90.0,0.0,485.0,59.0,485.0,363.0,0.0,0.0,0.0,0.0,0.0,0.0,0.0,0.0,0.0,0.0,0.0,,127.9499969482422,127.9499969482422,0.0,0.0
9233,445.0,265539,W,10023,111.0,150.0,visa,226.0,debit,325.0,87.0,,aol.com,,1.0,1.0,0.0,0.0,0.0,1.0,0.0,0.0,1.0,0.0,1.0,0.0,0.0,0.0,0.0,,,,,0.0,,0.0,0.0,0.0,0.0,0.0,0.0,0.0,0.0,0.0,0.0,0.0,,0.0,0.0,0.0,0.0
2927,317.5,150807,W,1444,490.0,150.0,visa,166.0,debit,181.0,87.0,79.0,gmail.com,,2.0,1.0,0.0,0.0,0.0,1.0,0.0,0.0,1.0,0.0,1.0,0.0,2.0,1.0,0.0,,,,,134.0,,0.0,0.0,0.0,0.0,0.0,0.0,0.0,0.0,0.0,0.0,0.0,,0.0,0.0,0.0,0.0
7896,159.0,245427,W,17188,321.0,150.0,visa,226.0,debit,299.0,87.0,,gmail.com,,1.0,1.0,0.0,0.0,0.0,1.0,0.0,0.0,0.0,0.0,1.0,0.0,1.0,1.0,0.0,,,,,0.0,,0.0,0.0,0.0,0.0,0.0,0.0,0.0,0.0,0.0,0.0,0.0,,0.0,0.0,0.0,0.0
3872,150.0,159939,H,16452,514.0,150.0,mastercard,224.0,credit,315.0,87.0,,anonymous.com,,1.0,1.0,0.0,0.0,0.0,1.0,0.0,1.0,0.0,1.0,1.0,0.0,1.0,1.0,0.0,,,,,,,0.0,0.0,0.0,0.0,0.0,0.0,0.0,0.0,0.0,0.0,0.0,0.0,0.0,0.0,0.0,0.0
3412,25.0,155270,H,14025,479.0,150.0,visa,226.0,debit,143.0,87.0,,anonymous.com,anonymous.com,1.0,1.0,0.0,1.0,0.0,1.0,0.0,1.0,0.0,1.0,1.0,0.0,1.0,1.0,0.0,,,,,,,0.0,0.0,0.0,0.0,0.0,0.0,0.0,0.0,0.0,0.0,0.0,0.0,0.0,0.0,0.0,0.0
6045,18.005,189787,C,9633,130.0,185.0,visa,138.0,debit,,,,yahoo.com.mx,yahoo.com.mx,1.0,1.0,0.0,1.0,0.0,1.0,1.0,1.0,0.0,1.0,1.0,1.0,1.0,1.0,0.0,,,,,0.0,,0.0,0.0,0.0,0.0,0.0,0.0,0.0,0.0,0.0,0.0,0.0,,0.0,0.0,0.0,0.0
8720,1248.95,256979,W,10486,514.0,150.0,mastercard,219.0,credit,325.0,87.0,,gmail.com,,1.0,1.0,0.0,0.0,1.0,1.0,0.0,0.0,0.0,0.0,1.0,0.0,0.0,0.0,0.0,,,,,0.0,,0.0,0.0,0.0,0.0,0.0,0.0,0.0,0.0,0.0,0.0,0.0,,0.0,0.0,0.0,0.0
5403,25.95,175892,W,2884,490.0,150.0,visa,226.0,debit,264.0,87.0,9.0,gmail.com,,47.0,43.0,0.0,0.0,40.0,28.0,0.0,0.0,25.0,0.0,32.0,0.0,171.0,42.0,112.0,112.0,27.0,208.0,42.0,62.0,208.0,0.0,0.0,0.0,0.0,0.0,0.0,0.0,0.0,0.0,0.0,0.0,,25.95000076293945,0.0,0.0,25.95000076293945
3032,49.0,151768,W,1039,391.0,150.0,visa,166.0,debit,441.0,87.0,,yahoo.com,,1.0,1.0,0.0,0.0,0.0,1.0,0.0,0.0,1.0,0.0,1.0,0.0,1.0,1.0,0.0,,,,,0.0,,0.0,0.0,0.0,0.0,0.0,0.0,0.0,0.0,0.0,0.0,0.0,,0.0,0.0,0.0,0.0
1155,25.0,124011,W,1939,360.0,150.0,visa,166.0,debit,387.0,87.0,,gmail.com,,3.0,3.0,0.0,0.0,1.0,3.0,0.0,0.0,2.0,0.0,2.0,0.0,13.0,3.0,104.0,104.0,20.0,131.0,20.0,104.0,,55.0,0.0,0.0,55.0,0.0,0.0,0.0,0.0,0.0,0.0,0.0,,55.0,0.0,0.0,55.0
5206,44.5,173796,W,14573,360.0,150.0,mastercard,229.0,debit,441.0,87.0,,gmail.com,,1.0,1.0,0.0,0.0,0.0,1.0,0.0,0.0,1.0,0.0,1.0,0.0,1.0,1.0,0.0,,,,,0.0,,0.0,0.0,0.0,0.0,0.0,0.0,0.0,0.0,0.0,0.0,0.0,,0.0,0.0,0.0,0.0
290,30.0,91011,W,14280,555.0,150.0,visa,226.0,debit,315.0,87.0,,gmail.com,,26.0,25.0,0.0,0.0,17.0,21.0,0.0,0.0,13.0,0.0,15.0,0.0,99.0,23.0,213.0,213.0,3.0,212.0,3.0,212.0,,147.9499969482422,40.0,0.0,147.9499969482422,40.0,0.0,0.0,0.0,0.0,0.0,0.0,,207.9499969482422,40.0,0.0,207.9499969482422
4625,40.0,167509,W,9002,453.0,150.0,visa,226.0,debit,204.0,87.0,,yahoo.com,,5.0,2.0,0.0,0.0,0.0,5.0,0.0,0.0,4.0,0.0,6.0,0.0,27.0,3.0,151.0,151.0,0.0,,,423.0,,20.0,20.0,20.0,20.0,20.0,0.0,0.0,0.0,0.0,0.0,0.0,,524.0,233.0,20.0,135.0
265,50.0,90581,H,17400,174.0,150.0,visa,226.0,debit,123.0,87.0,,icloud.com,icloud.com,1.0,1.0,0.0,1.0,0.0,1.0,0.0,1.0,0.0,1.0,1.0,0.0,0.0,0.0,0.0,,,,,,,0.0,0.0,0.0,0.0,0.0,0.0,0.0,0.0,0.0,0.0,0.0,0.0,0.0,0.0,0.0,0.0
655,107.95,98586,W,8431,269.0,150.0,mastercard,224.0,debit,433.0,87.0,,gmail.com,,18.0,13.0,0.0,0.0,9.0,15.0,0.0,0.0,11.0,0.0,11.0,0.0,95.0,11.0,212.0,212.0,4.0,71.0,4.0,350.0,,959.75,67.94999694824219,0.0,959.75,67.94999694824219,0.0,0.0,0.0,0.0,0.0,0.0,,959.75,67.94999694824219,0.0,959.75
5550,39.877,177993,C,12439,555.0,214.0,visa,147.0,credit,,,,anonymous.com,anonymous.com,1.0,1.0,0.0,1.0,0.0,1.0,1.0,1.0,0.0,1.0,1.0,1.0,1.0,1.0,0.0,,,,,0.0,,0.0,0.0,0.0,0.0,0.0,0.0,0.0,0.0,0.0,0.0,0.0,,0.0,0.0,0.0,0.0
4712,226.0,168576,W,1033,390.0,150.0,mastercard,224.0,debit,191.0,87.0,,yahoo.com,,1.0,1.0,0.0,0.0,0.0,1.0,0.0,0.0,1.0,0.0,1.0,0.0,1.0,1.0,179.0,179.0,,,,0.0,,0.0,0.0,0.0,0.0,0.0,0.0,0.0,0.0,0.0,0.0,0.0,,0.0,0.0,0.0,0.0
5309,2599.02,174918,W,3055,474.0,150.0,mastercard,224.0,debit,272.0,87.0,2186.0,comcast.net,,2.0,1.0,0.0,0.0,1.0,2.0,0.0,0.0,1.0,0.0,2.0,0.0,1.0,1.0,0.0,,,,,0.0,,0.0,0.0,0.0,0.0,0.0,0.0,0.0,0.0,0.0,0.0,0.0,,0.0,0.0,0.0,0.0
1758,57.95,138547,W,10989,360.0,150.0,visa,166.0,debit,337.0,87.0,0.0,outlook.com,,3.0,1.0,0.0,0.0,1.0,1.0,0.0,0.0,1.0,0.0,1.0,0.0,6.0,3.0,0.0,,,182.0,84.0,476.0,476.0,0.0,0.0,0.0,0.0,0.0,0.0,0.0,0.0,0.0,0.0,0.0,,0.0,0.0,0.0,0.0
321,108.5,91544,W,9485,111.0,150.0,visa,226.0,debit,,,,gmail.com,,1.0,0.0,0.0,0.0,0.0,1.0,0.0,0.0,0.0,0.0,1.0,0.0,0.0,0.0,0.0,,,0.0,,,,0.0,0.0,0.0,0.0,0.0,0.0,0.0,0.0,0.0,0.0,0.0,,0.0,0.0,0.0,0.0
7514,117.0,240346,W,14290,512.0,150.0,visa,226.0,debit,177.0,87.0,12.0,,,1.0,3.0,0.0,0.0,0.0,2.0,0.0,0.0,1.0,0.0,2.0,0.0,2.0,1.0,9.0,9.0,3.0,,,0.0,,0.0,0.0,0.0,0.0,0.0,0.0,0.0,0.0,0.0,0.0,0.0,,2102.0,1961.0,0.0,261.0
1188,60.0,126376,W,2884,490.0,150.0,visa,226.0,debit,512.0,87.0,,,,3.0,4.0,0.0,0.0,1.0,2.0,0.0,0.0,2.0,0.0,2.0,0.0,17.0,3.0,456.0,456.0,30.0,,,154.0,,0.0,0.0,0.0,0.0,0.0,0.0,0.0,0.0,0.0,0.0,0.0,,67.94999694824219,0.0,0.0,67.94999694824219
6590,30.0,227108,H,10291,399.0,150.0,american express,236.0,credit,299.0,87.0,,gmail.com,gmail.com,1.0,1.0,0.0,1.0,0.0,1.0,0.0,1.0,0.0,1.0,1.0,0.0,0.0,0.0,0.0,,,,,,,0.0,0.0,0.0,0.0,0.0,0.0,0.0,0.0,0.0,0.0,0.0,0.0,0.0,0.0,0.0,0.0
9701,70.691,285230,C,5812,408.0,185.0,mastercard,224.0,debit,,,,yahoo.com.mx,yahoo.com.mx,1.0,1.0,0.0,1.0,0.0,1.0,1.0,1.0,0.0,0.0,1.0,1.0,1.0,1.0,0.0,,,0.0,,0.0,,0.0,0.0,0.0,0.0,0.0,0.0,0.0,0.0,0.0,0.0,0.0,,0.0,0.0,0.0,0.0
6442,48.97,223806,W,16661,490.0,150.0,visa,226.0,debit,327.0,87.0,6.0,yahoo.com,,2.0,2.0,0.0,0.0,1.0,3.0,0.0,0.0,1.0,0.0,1.0,0.0,3.0,2.0,7.0,7.0,7.0,0.0,,7.0,11.0,0.0,0.0,0.0,0.0,0.0,0.0,0.0,0.0,0.0,0.0,0.0,,53.97000122070313,53.97000122070313,0.0,53.97000122070313
764,50.0,101549,W,16661,490.0,150.0,visa,226.0,debit,315.0,87.0,,gmail.com,,1.0,1.0,0.0,0.0,1.0,1.0,0.0,0.0,1.0,0.0,1.0,0.0,4.0,1.0,54.0,54.0,11.0,46.0,11.0,54.0,,0.0,0.0,0.0,0.0,0.0,0.0,0.0,0.0,0.0,0.0,0.0,,100.0,0.0,0.0,100.0
2868,450.0,150323,W,14580,555.0,150.0,visa,226.0,debit,272.0,87.0,,gmail.com,,1.0,1.0,0.0,0.0,0.0,3.0,0.0,0.0,2.0,0.0,4.0,0.0,5.0,1.0,121.0,90.0,48.0,,,476.0,,0.0,0.0,0.0,0.0,0.0,0.0,0.0,0.0,0.0,0.0,0.0,,0.0,0.0,0.0,0.0
3314,50.0,154383,W,7069,111.0,150.0,mastercard,166.0,debit,220.0,87.0,,,,1.0,1.0,0.0,0.0,1.0,1.0,0.0,0.0,1.0,0.0,1.0,0.0,2.0,1.0,7.0,7.0,7.0,,,7.0,,0.0,0.0,0.0,0.0,0.0,0.0,0.0,0.0,0.0,0.0,0.0,,57.95000076293945,0.0,0.0,57.95000076293945
4398,233.0,165248,W,7585,553.0,150.0,visa,226.0,credit,184.0,87.0,4.0,outlook.com,,6.0,4.0,0.0,0.0,0.0,2.0,0.0,0.0,2.0,0.0,2.0,0.0,7.0,5.0,0.0,0.0,0.0,1.0,0.0,0.0,1.0,631.0,631.0,213.0,213.0,213.0,205.0,205.0,205.0,213.0,213.0,213.0,,418.0,418.0,213.0,213.0
6408,87.0,223127,W,7585,553.0,150.0,visa,226.0,credit,476.0,87.0,,yahoo.com,,1.0,1.0,0.0,0.0,0.0,1.0,0.0,0.0,1.0,0.0,1.0,0.0,1.0,1.0,0.0,,,,,412.0,,0.0,0.0,0.0,0.0,0.0,0.0,0.0,0.0,0.0,0.0,0.0,,0.0,0.0,0.0,0.0
6163,13.292,195369,C,8755,500.0,185.0,mastercard,224.0,credit,,,,hotmail.com,hotmail.com,2.0,3.0,0.0,2.0,0.0,2.0,2.0,2.0,0.0,3.0,3.0,3.0,2.0,2.0,0.0,,,,,0.0,,0.0,0.0,0.0,0.0,0.0,0.0,0.0,0.0,0.0,0.0,0.0,,0.0,0.0,0.0,0.0
5505,59.0,177273,W,12544,321.0,150.0,visa,226.0,debit,387.0,87.0,,gmail.com,,1.0,1.0,0.0,0.0,0.0,1.0,0.0,0.0,0.0,0.0,1.0,0.0,1.0,1.0,0.0,,0.0,,,0.0,,59.0,59.0,0.0,0.0,0.0,0.0,0.0,0.0,59.0,59.0,59.0,,59.0,59.0,0.0,0.0
5090,30.0,172575,S,1675,174.0,150.0,visa,226.0,debit,330.0,87.0,,,hotmail.com,1.0,1.0,1.0,1.0,0.0,0.0,0.0,1.0,0.0,1.0,1.0,0.0,1.0,1.0,0.0,,,,,,,0.0,0.0,0.0,0.0,0.0,0.0,0.0,0.0,0.0,0.0,0.0,0.0,0.0,0.0,0.0,0.0
9547,300.0,274372,W,16883,111.0,150.0,visa,226.0,debit,476.0,87.0,,hotmail.com,,24.0,23.0,0.0,0.0,23.0,18.0,0.0,0.0,13.0,0.0,20.0,0.0,71.0,19.0,132.0,132.0,13.0,319.0,13.0,460.0,,170.0,0.0,0.0,170.0,0.0,0.0,0.0,0.0,0.0,0.0,0.0,,170.0,0.0,0.0,170.0
8757,54.62,257546,C,12439,555.0,214.0,visa,147.0,credit,,,,anonymous.com,anonymous.com,2.0,7.0,0.0,1.0,0.0,1.0,1.0,1.0,0.0,1.0,1.0,1.0,1.0,1.0,0.0,0.0,1.0,,,0.0,,0.0,0.0,0.0,0.0,0.0,0.0,0.0,0.0,0.0,0.0,0.0,,258.35598754882807,258.35598754882807,39.877201080322266,39.877201080322266
6918,600.0,232431,W,9323,111.0,150.0,visa,226.0,debit,191.0,87.0,,charter.net,,2.0,1.0,0.0,0.0,0.0,2.0,0.0,0.0,2.0,0.0,2.0,0.0,34.0,2.0,52.0,52.0,0.0,423.0,0.0,484.0,,4000.0,3800.0,0.0,0.0,0.0,1900.0,3800.0,3800.0,0.0,200.0,0.0,,17747.0,12380.0,300.0,1590.0
1408,75.0,133149,W,7826,481.0,150.0,mastercard,224.0,debit,387.0,87.0,,gmail.com,,1.0,1.0,0.0,0.0,0.0,1.0,0.0,0.0,4.0,0.0,1.0,0.0,16.0,1.0,237.0,237.0,57.0,237.0,57.0,237.0,,0.0,0.0,0.0,0.0,0.0,0.0,0.0,0.0,0.0,0.0,0.0,,0.0,0.0,0.0,0.0
4113,98.5,162322,W,7919,194.0,150.0,mastercard,166.0,debit,204.0,87.0,,yahoo.com,,1.0,2.0,0.0,0.0,0.0,1.0,0.0,0.0,1.0,0.0,1.0,0.0,1.0,1.0,0.0,,0.0,,,0.0,0.0,0.0,0.0,0.0,0.0,0.0,0.0,0.0,0.0,0.0,0.0,0.0,,102.0,102.0,0.0,0.0
4822,49.0,169805,W,10856,268.0,150.0,visa,166.0,debit,315.0,87.0,,,,4.0,3.0,0.0,0.0,0.0,3.0,0.0,0.0,2.0,0.0,2.0,0.0,19.0,3.0,359.0,359.0,2.0,,,117.0,,0.0,0.0,0.0,0.0,0.0,0.0,0.0,0.0,0.0,0.0,0.0,,210.0,171.0,0.0,210.0
5741,50.0,181391,H,17188,321.0,150.0,visa,226.0,debit,299.0,87.0,,gmail.com,,1.0,1.0,0.0,0.0,0.0,1.0,0.0,1.0,0.0,1.0,1.0,0.0,1.0,1.0,0.0,,,,,,,0.0,0.0,0.0,0.0,0.0,0.0,0.0,0.0,0.0,0.0,0.0,0.0,0.0,0.0,0.0,0.0
6213,507.0,200539,W,1974,111.0,150.0,visa,226.0,debit,184.0,87.0,,anonymous.com,,2.0,1.0,0.0,0.0,0.0,1.0,0.0,0.0,0.0,0.0,1.0,0.0,1.0,1.0,0.0,,,0.0,,455.0,,0.0,0.0,0.0,0.0,0.0,0.0,0.0,0.0,0.0,0.0,0.0,,0.0,0.0,0.0,0.0
3039,39.0,151816,W,12686,215.0,150.0,visa,226.0,debit,498.0,87.0,10.0,hotmail.com,,2.0,2.0,0.0,0.0,0.0,2.0,0.0,0.0,1.0,0.0,1.0,0.0,18.0,1.0,437.0,437.0,14.0,437.0,14.0,437.0,421.0,0.0,0.0,0.0,0.0,0.0,0.0,0.0,0.0,0.0,0.0,0.0,,45.0,0.0,0.0,45.0
4112,34.0,162313,W,15986,360.0,150.0,mastercard,229.0,debit,272.0,87.0,,gmail.com,,1.0,1.0,0.0,0.0,0.0,1.0,0.0,0.0,1.0,0.0,1.0,0.0,1.0,1.0,0.0,,,,,0.0,,0.0,0.0,0.0,0.0,0.0,0.0,0.0,0.0,0.0,0.0,0.0,,0.0,0.0,0.0,0.0
8023,146.0,246873,W,10616,583.0,150.0,visa,226.0,credit,485.0,87.0,0.0,yahoo.com,,4.0,2.0,0.0,0.0,0.0,1.0,0.0,0.0,1.0,0.0,1.0,0.0,3.0,3.0,0.0,,,46.0,10.0,46.0,46.0,0.0,0.0,0.0,0.0,0.0,0.0,0.0,0.0,0.0,0.0,0.0,,0.0,0.0,0.0,0.0
4900,108.95,170732,W,16075,514.0,150.0,mastercard,102.0,credit,325.0,87.0,,gmail.com,,2.0,2.0,0.0,0.0,1.0,1.0,0.0,0.0,1.0,0.0,2.0,0.0,2.0,2.0,0.0,,,0.0,,0.0,,0.0,0.0,0.0,0.0,0.0,0.0,0.0,0.0,0.0,0.0,0.0,,0.0,0.0,0.0,0.0
3019,14.199,151631,C,5812,408.0,185.0,mastercard,224.0,debit,,,,hotmail.com,hotmail.com,1.0,1.0,0.0,1.0,0.0,1.0,1.0,1.0,0.0,1.0,1.0,1.0,1.0,1.0,0.0,,,,,0.0,,0.0,0.0,0.0,0.0,0.0,0.0,0.0,0.0,0.0,0.0,0.0,,0.0,0.0,0.0,0.0
3973,57.95,160995,W,12275,543.0,150.0,mastercard,117.0,debit,315.0,87.0,,yahoo.com,,1.0,2.0,0.0,0.0,1.0,1.0,0.0,0.0,1.0,0.0,1.0,0.0,15.0,1.0,395.0,395.0,0.0,480.0,0.0,0.0,,0.0,0.0,0.0,0.0,0.0,0.0,0.0,0.0,0.0,0.0,0.0,,375.8999938964844,215.8999938964844,0.0,160.0
4202,280.0,163010,W,7826,481.0,150.0,mastercard,224.0,debit,264.0,87.0,364.0,netzero.com,,1.0,2.0,0.0,0.0,0.0,1.0,0.0,0.0,1.0,0.0,1.0,0.0,3.0,1.0,15.0,15.0,0.0,15.0,0.0,5.0,15.0,250.0,250.0,0.0,0.0,0.0,250.0,250.0,250.0,0.0,0.0,0.0,,702.0,476.0,0.0,452.0
3160,97.0,152976,W,2392,360.0,150.0,mastercard,126.0,debit,325.0,87.0,11.0,yahoo.com,,3.0,4.0,0.0,0.0,0.0,1.0,0.0,0.0,1.0,0.0,1.0,0.0,15.0,3.0,98.0,98.0,28.0,,,240.0,,0.0,0.0,0.0,0.0,0.0,0.0,0.0,0.0,0.0,0.0,0.0,,80.0,0.0,0.0,80.0
439,66.885,93729,C,12730,266.0,185.0,mastercard,224.0,credit,,,,outlook.com,outlook.com,3.0,13.0,0.0,2.0,0.0,2.0,2.0,4.0,0.0,5.0,3.0,3.0,10.0,3.0,463.0,463.0,318.0,318.0,318.0,0.0,,0.0,0.0,0.0,0.0,0.0,0.0,0.0,0.0,0.0,0.0,0.0,,0.0,0.0,0.0,0.0
9445,250.0,270485,H,9500,321.0,150.0,visa,226.0,debit,433.0,87.0,,gmail.com,,1.0,1.0,0.0,0.0,0.0,1.0,0.0,1.0,0.0,1.0,1.0,0.0,1.0,1.0,0.0,,,,,,,0.0,0.0,0.0,0.0,0.0,0.0,0.0,0.0,0.0,0.0,0.0,0.0,0.0,0.0,0.0,0.0
7590,35.95,241527,W,2581,445.0,150.0,mastercard,166.0,debit,325.0,87.0,3.0,gmail.com,,39.0,31.0,0.0,0.0,22.0,23.0,0.0,0.0,16.0,0.0,23.0,0.0,72.0,23.0,0.0,,,,,0.0,,0.0,0.0,0.0,0.0,0.0,0.0,0.0,0.0,0.0,0.0,0.0,,0.0,0.0,0.0,0.0
8001,30.0,246628,W,16709,275.0,150.0,mastercard,224.0,debit,264.0,87.0,,yahoo.com,,13.0,7.0,0.0,0.0,2.0,16.0,0.0,0.0,11.0,0.0,12.0,0.0,83.0,7.0,15.0,15.0,0.0,,,152.0,,367.0,367.0,0.0,0.0,0.0,337.0,367.0,367.0,0.0,0.0,0.0,,3441.5,855.0,0.0,179.0
6202,25.0,199431,W,15986,360.0,150.0,mastercard,166.0,debit,433.0,87.0,,yahoo.com,,1.0,1.0,0.0,0.0,1.0,1.0,0.0,0.0,1.0,0.0,1.0,0.0,2.0,1.0,57.0,57.0,57.0,57.0,57.0,57.0,,0.0,0.0,0.0,0.0,0.0,0.0,0.0,0.0,0.0,0.0,0.0,,0.0,0.0,0.0,0.0
3100,226.0,152332,W,6442,555.0,150.0,mastercard,117.0,debit,226.0,87.0,194.0,yahoo.com,,1.0,6.0,0.0,0.0,0.0,2.0,0.0,0.0,3.0,0.0,4.0,0.0,2.0,1.0,131.0,80.0,5.0,,,6.0,,0.0,0.0,0.0,0.0,0.0,0.0,0.0,0.0,0.0,0.0,0.0,,248.0,248.0,0.0,0.0
457,50.0,94049,H,3682,264.0,150.0,visa,162.0,credit,512.0,87.0,,comcast.net,,1.0,1.0,0.0,0.0,0.0,1.0,0.0,1.0,0.0,1.0,1.0,0.0,1.0,1.0,0.0,,,,,,,0.0,0.0,0.0,0.0,0.0,0.0,0.0,0.0,0.0,0.0,0.0,0.0,0.0,0.0,0.0,0.0
96,108.5,88131,W,15121,555.0,150.0,visa,226.0,debit,420.0,87.0,,gmail.com,,202.0,208.0,0.0,0.0,128.0,181.0,0.0,0.0,64.0,0.0,182.0,0.0,258.0,108.0,0.0,,,211.0,0.0,200.0,,0.0,0.0,0.0,0.0,0.0,0.0,0.0,0.0,0.0,0.0,0.0,,0.0,0.0,0.0,0.0
1360,75.0,132046,W,5613,413.0,150.0,visa,166.0,debit,184.0,87.0,,gmail.com,,5.0,2.0,0.0,0.0,0.0,4.0,0.0,0.0,2.0,0.0,2.0,0.0,20.0,5.0,93.0,93.0,91.0,122.0,91.0,303.0,,0.0,0.0,0.0,0.0,0.0,0.0,0.0,0.0,0.0,0.0,0.0,,0.0,0.0,0.0,0.0
4747,100.0,168966,R,16326,321.0,150.0,visa,226.0,credit,337.0,87.0,,yahoo.com,yahoo.com,1.0,1.0,0.0,1.0,0.0,1.0,0.0,1.0,0.0,1.0,1.0,0.0,1.0,1.0,0.0,,,,,0.0,,0.0,0.0,0.0,0.0,0.0,0.0,0.0,0.0,0.0,0.0,0.0,0.0,0.0,0.0,0.0,0.0
4704,190.58,168417,W,7919,194.0,150.0,mastercard,166.0,debit,110.0,87.0,,yahoo.com,,1.0,1.0,0.0,0.0,1.0,1.0,0.0,0.0,1.0,0.0,1.0,0.0,1.0,1.0,0.0,,,,,0.0,,0.0,0.0,0.0,0.0,0.0,0.0,0.0,0.0,0.0,0.0,0.0,,0.0,0.0,0.0,0.0
135,3000.0,88671,W,2616,,150.0,discover,102.0,credit,330.0,87.0,9.0,gmail.com,,1.0,1.0,0.0,0.0,1.0,1.0,0.0,0.0,1.0,0.0,1.0,0.0,0.0,0.0,0.0,,,0.0,,0.0,0.0,0.0,0.0,0.0,0.0,0.0,0.0,0.0,0.0,0.0,0.0,0.0,,0.0,0.0,0.0,0.0
7485,35.0,239864,W,3681,513.0,150.0,visa,166.0,debit,325.0,87.0,,yahoo.com,,1.0,1.0,0.0,0.0,1.0,1.0,0.0,0.0,1.0,0.0,1.0,0.0,2.0,1.0,28.0,28.0,28.0,,,28.0,,0.0,0.0,0.0,0.0,0.0,0.0,0.0,0.0,0.0,0.0,0.0,,44.95000076293945,0.0,0.0,44.95000076293945
2029,250.0,141710,R,12544,321.0,150.0,visa,226.0,debit,476.0,87.0,,gmail.com,anonymous.com,1.0,1.0,0.0,1.0,0.0,1.0,0.0,1.0,0.0,1.0,1.0,0.0,1.0,1.0,0.0,,,,,,,0.0,0.0,0.0,0.0,0.0,0.0,0.0,0.0,0.0,0.0,0.0,0.0,0.0,0.0,0.0,0.0
1513,70.0,134767,H,16326,321.0,150.0,visa,226.0,credit,204.0,87.0,,yahoo.com,anonymous.com,1.0,1.0,0.0,1.0,0.0,1.0,0.0,1.0,0.0,1.0,1.0,0.0,1.0,1.0,0.0,,,,,,,0.0,0.0,0.0,0.0,0.0,0.0,0.0,0.0,0.0,0.0,0.0,0.0,0.0,0.0,0.0,0.0
1180,100.0,125914,W,6170,174.0,150.0,visa,226.0,debit,315.0,87.0,,,,3.0,2.0,0.0,0.0,1.0,1.0,0.0,0.0,1.0,0.0,3.0,0.0,25.0,3.0,196.0,196.0,42.0,,,477.0,,0.0,0.0,0.0,0.0,0.0,0.0,0.0,0.0,0.0,0.0,0.0,,0.0,0.0,0.0,0.0
4801,87.0,169558,W,7508,321.0,150.0,visa,226.0,debit,420.0,87.0,,gmail.com,,2.0,1.0,0.0,0.0,0.0,1.0,0.0,0.0,3.0,0.0,2.0,0.0,5.0,2.0,59.0,59.0,13.0,,,272.0,,0.0,0.0,0.0,0.0,0.0,0.0,0.0,0.0,0.0,0.0,0.0,,87.0,0.0,0.0,87.0
5606,907.95,178744,W,13249,111.0,150.0,visa,226.0,debit,264.0,87.0,,gmail.com,,1.0,1.0,0.0,0.0,1.0,1.0,0.0,0.0,2.0,0.0,1.0,0.0,2.0,1.0,64.0,64.0,63.0,,,63.0,,0.0,0.0,0.0,0.0,0.0,0.0,0.0,0.0,0.0,0.0,0.0,,0.0,0.0,0.0,0.0
6826,390.0,231204,W,12501,490.0,150.0,visa,226.0,debit,204.0,87.0,,gmail.com,,1.0,1.0,0.0,0.0,0.0,1.0,0.0,0.0,1.0,0.0,1.0,0.0,0.0,0.0,0.0,,,,,0.0,,0.0,0.0,0.0,0.0,0.0,0.0,0.0,0.0,0.0,0.0,0.0,,0.0,0.0,0.0,0.0
5635,200.0,179206,W,10023,111.0,150.0,visa,226.0,debit,325.0,87.0,,gmail.com,,1.0,2.0,0.0,0.0,1.0,2.0,0.0,0.0,1.0,0.0,1.0,0.0,10.0,1.0,484.0,484.0,42.0,,,233.0,,0.0,0.0,0.0,0.0,0.0,0.0,0.0,0.0,0.0,0.0,0.0,,0.0,0.0,0.0,0.0
6621,77.0,227483,W,7919,194.0,150.0,mastercard,202.0,debit,472.0,87.0,19.0,gmail.com,,1.0,1.0,0.0,0.0,0.0,1.0,0.0,0.0,1.0,0.0,1.0,0.0,1.0,1.0,0.0,,,0.0,,0.0,0.0,0.0,0.0,0.0,0.0,0.0,0.0,0.0,0.0,0.0,0.0,0.0,,0.0,0.0,0.0,0.0
4395,200.0,165219,W,5789,555.0,150.0,visa,226.0,debit,272.0,87.0,1938.0,att.net,,1.0,2.0,0.0,0.0,0.0,1.0,0.0,0.0,1.0,0.0,1.0,0.0,9.0,1.0,64.0,64.0,4.0,64.0,4.0,60.0,64.0,0.0,0.0,0.0,0.0,0.0,0.0,0.0,0.0,0.0,0.0,0.0,,359.0,50.0,0.0,309.0
8080,25.0,247634,H,15063,514.0,150.0,visa,226.0,credit,469.0,87.0,,comcast.net,,1.0,1.0,0.0,0.0,0.0,1.0,0.0,1.0,0.0,1.0,1.0,0.0,1.0,1.0,0.0,,,,,,,0.0,0.0,0.0,0.0,0.0,0.0,0.0,0.0,0.0,0.0,0.0,0.0,0.0,0.0,0.0,0.0
2392,57.95,145670,W,17188,321.0,150.0,visa,226.0,debit,264.0,87.0,547.0,gmail.com,,3.0,1.0,0.0,0.0,1.0,1.0,0.0,0.0,1.0,0.0,1.0,0.0,16.0,3.0,144.0,144.0,30.0,409.0,30.0,409.0,396.0,0.0,0.0,0.0,0.0,0.0,0.0,0.0,0.0,0.0,0.0,0.0,,0.0,0.0,0.0,0.0
3187,160.0,153175,W,7919,194.0,150.0,mastercard,166.0,debit,264.0,87.0,,yahoo.com,,3.0,3.0,0.0,0.0,0.0,1.0,0.0,0.0,1.0,0.0,1.0,0.0,4.0,3.0,91.0,91.0,91.0,125.0,7.0,125.0,,0.0,0.0,0.0,0.0,0.0,0.0,0.0,0.0,0.0,0.0,0.0,,0.0,0.0,0.0,0.0
5851,25.0,183585,H,6019,583.0,150.0,visa,226.0,credit,225.0,87.0,,aol.com,,1.0,1.0,0.0,0.0,0.0,1.0,0.0,1.0,0.0,1.0,1.0,0.0,1.0,1.0,0.0,,,,,,,0.0,0.0,0.0,0.0,0.0,0.0,0.0,0.0,0.0,0.0,0.0,0.0,0.0,0.0,0.0,0.0
8181,50.0,249071,H,12544,321.0,150.0,visa,226.0,debit,337.0,87.0,,anonymous.com,,1.0,1.0,0.0,0.0,0.0,1.0,0.0,1.0,0.0,1.0,1.0,0.0,1.0,1.0,0.0,,,,,,,0.0,0.0,0.0,0.0,0.0,0.0,0.0,0.0,0.0,0.0,0.0,0.0,0.0,0.0,0.0,0.0
7058,21.147,234454,C,11201,103.0,185.0,visa,226.0,debit,,,,gmail.com,gmail.com,2.0,2.0,0.0,1.0,0.0,1.0,1.0,2.0,0.0,2.0,1.0,1.0,1.0,1.0,0.0,,,0.0,,0.0,,0.0,0.0,0.0,0.0,0.0,0.0,0.0,0.0,0.0,0.0,0.0,,0.0,0.0,0.0,0.0
2025,209.95,141690,W,4067,199.0,150.0,mastercard,224.0,debit,325.0,87.0,29.0,,,14.0,10.0,0.0,0.0,16.0,6.0,0.0,0.0,11.0,0.0,9.0,0.0,98.0,14.0,456.0,456.0,0.0,,,456.0,0.0,0.0,0.0,0.0,0.0,0.0,0.0,0.0,0.0,0.0,0.0,0.0,,180.0,180.0,180.0,180.0
8360,117.0,251919,W,7919,194.0,150.0,mastercard,166.0,debit,325.0,87.0,1.0,yahoo.com,,3.0,3.0,0.0,0.0,1.0,2.0,0.0,0.0,2.0,0.0,2.0,0.0,15.0,3.0,143.0,143.0,13.0,144.0,13.0,144.0,88.0,0.0,0.0,0.0,0.0,0.0,0.0,0.0,0.0,0.0,0.0,0.0,,75.0,0.0,0.0,75.0
7911,31.479,245644,C,6751,289.0,185.0,visa,138.0,debit,,,,anonymous.com,anonymous.com,2.0,5.0,0.0,1.0,0.0,1.0,1.0,1.0,0.0,1.0,1.0,1.0,1.0,1.0,0.0,,0.0,,,0.0,,0.0,0.0,0.0,0.0,0.0,0.0,0.0,0.0,0.0,0.0,0.0,,31.479400634765625,31.479400634765625,0.0,0.0
782,58.95,102219,W,9992,455.0,150.0,mastercard,166.0,debit,123.0,87.0,,,,3.0,1.0,0.0,0.0,1.0,1.0,0.0,0.0,1.0,0.0,1.0,0.0,5.0,3.0,63.0,63.0,30.0,,,82.0,,0.0,0.0,0.0,0.0,0.0,0.0,0.0,0.0,0.0,0.0,0.0,,0.0,0.0,0.0,0.0
3105,159.95,152407,W,10616,583.0,150.0,visa,226.0,credit,441.0,87.0,,yahoo.com,,1.0,1.0,0.0,0.0,1.0,1.0,0.0,0.0,0.0,0.0,1.0,0.0,1.0,1.0,0.0,,,,,0.0,,0.0,0.0,0.0,0.0,0.0,0.0,0.0,0.0,0.0,0.0,0.0,,0.0,0.0,0.0,0.0
2498,100.0,146613,S,14479,387.0,150.0,visa,226.0,credit,428.0,87.0,,,outlook.com,3.0,3.0,0.0,2.0,0.0,0.0,0.0,2.0,0.0,2.0,2.0,0.0,2.0,1.0,589.0,589.0,,,,,,300.0,300.0,0.0,0.0,0.0,200.0,200.0,200.0,100.0,100.0,100.0,0.0,600.0,600.0,0.0,0.0
1208,243.0,127653,W,4571,584.0,150.0,mastercard,117.0,debit,325.0,87.0,5.0,yahoo.com,,1.0,1.0,0.0,0.0,0.0,1.0,0.0,0.0,1.0,0.0,1.0,0.0,1.0,1.0,0.0,,,0.0,,0.0,0.0,0.0,0.0,0.0,0.0,0.0,0.0,0.0,0.0,0.0,0.0,0.0,,0.0,0.0,0.0,0.0
9896,45.0,309916,W,18132,567.0,150.0,mastercard,117.0,debit,476.0,87.0,,yahoo.com,,2.0,5.0,0.0,0.0,0.0,4.0,0.0,0.0,1.0,0.0,1.0,0.0,26.0,1.0,114.0,114.0,1.0,,,87.0,,445.0,445.0,0.0,40.0,40.0,145.0,405.0,405.0,0.0,0.0,0.0,,2590.0,1670.0,0.0,345.0
2592,44.5,147573,W,13780,298.0,150.0,visa,226.0,debit,441.0,87.0,,gmail.com,,112.0,87.0,0.0,0.0,105.0,71.0,0.0,0.0,70.0,0.0,72.0,0.0,451.0,95.0,389.0,389.0,17.0,406.0,17.0,406.0,,46.95000076293945,0.0,0.0,46.95000076293945,0.0,0.0,0.0,0.0,0.0,0.0,0.0,,46.95000076293945,0.0,0.0,46.95000076293945
9411,25.0,269268,S,10385,399.0,150.0,american express,213.0,credit,126.0,87.0,,,optonline.net,1.0,1.0,1.0,1.0,0.0,0.0,0.0,1.0,0.0,1.0,1.0,0.0,1.0,1.0,0.0,,,,,,,0.0,0.0,0.0,0.0,0.0,0.0,0.0,0.0,0.0,0.0,0.0,0.0,0.0,0.0,0.0,0.0
7414,226.0,238855,W,5133,555.0,150.0,visa,226.0,debit,325.0,87.0,,gmail.com,,1.0,1.0,0.0,0.0,0.0,1.0,0.0,0.0,1.0,0.0,1.0,0.0,1.0,1.0,0.0,,,,,0.0,,0.0,0.0,0.0,0.0,0.0,0.0,0.0,0.0,0.0,0.0,0.0,,0.0,0.0,0.0,0.0
3771,200.0,158794,W,7508,321.0,150.0,visa,226.0,debit,428.0,87.0,,,,2.0,1.0,0.0,0.0,1.0,0.0,0.0,0.0,1.0,0.0,1.0,0.0,5.0,2.0,247.0,247.0,247.0,,,247.0,,0.0,0.0,0.0,0.0,0.0,0.0,0.0,0.0,0.0,0.0,0.0,,0.0,0.0,0.0,0.0
1509,352.86,134718,W,7768,225.0,150.0,mastercard,224.0,debit,325.0,87.0,33.0,gmail.com,,1.0,1.0,0.0,0.0,1.0,1.0,0.0,0.0,1.0,0.0,1.0,0.0,2.0,1.0,96.0,96.0,96.0,96.0,96.0,96.0,96.0,0.0,0.0,0.0,0.0,0.0,0.0,0.0,0.0,0.0,0.0,0.0,,0.0,0.0,0.0,0.0
263,385.78,90515,W,15066,170.0,150.0,mastercard,102.0,credit,264.0,87.0,0.0,yahoo.com,,1.0,1.0,0.0,0.0,1.0,1.0,0.0,0.0,1.0,0.0,1.0,0.0,1.0,1.0,0.0,,,0.0,,0.0,0.0,0.0,0.0,0.0,0.0,0.0,0.0,0.0,0.0,0.0,0.0,0.0,,0.0,0.0,0.0,0.0
8382,500.0,252268,R,17396,321.0,150.0,visa,195.0,credit,299.0,87.0,,yahoo.com,yahoo.com,1.0,1.0,0.0,1.0,0.0,1.0,0.0,1.0,0.0,1.0,1.0,0.0,0.0,0.0,0.0,,,,,,,0.0,0.0,0.0,0.0,0.0,0.0,0.0,0.0,0.0,0.0,0.0,0.0,0.0,0.0,0.0,0.0
8076,107.95,247609,W,12686,215.0,150.0,visa,226.0,debit,264.0,87.0,13.0,yahoo.com,,101.0,86.0,0.0,0.0,124.0,70.0,0.0,0.0,54.0,0.0,66.0,0.0,384.0,86.0,425.0,277.0,2.0,484.0,2.0,484.0,277.0,0.0,0.0,0.0,0.0,0.0,0.0,0.0,0.0,0.0,0.0,0.0,,88.9000015258789,88.9000015258789,0.0,88.9000015258789
2344,509.36,145185,W,7585,553.0,150.0,visa,226.0,credit,204.0,87.0,5.0,gmail.com,,1.0,1.0,0.0,0.0,1.0,1.0,0.0,0.0,1.0,0.0,1.0,0.0,1.0,1.0,0.0,,,,,0.0,,0.0,0.0,0.0,0.0,0.0,0.0,0.0,0.0,0.0,0.0,0.0,,0.0,0.0,0.0,0.0
248,50.0,90325,H,11660,555.0,150.0,visa,226.0,credit,181.0,87.0,,yahoo.com,,1.0,1.0,0.0,0.0,0.0,1.0,0.0,1.0,0.0,1.0,1.0,0.0,1.0,1.0,0.0,,,,,,,0.0,0.0,0.0,0.0,0.0,0.0,0.0,0.0,0.0,0.0,0.0,0.0,0.0,0.0,0.0,0.0
5653,53.95,179508,W,7919,194.0,150.0,mastercard,202.0,debit,299.0,87.0,14.0,yahoo.com,,193.0,171.0,0.0,0.0,143.0,128.0,0.0,0.0,122.0,0.0,141.0,0.0,488.0,153.0,155.0,155.0,0.0,0.0,,154.0,183.0,0.0,0.0,0.0,0.0,0.0,0.0,0.0,0.0,0.0,0.0,0.0,,115.9000015258789,115.9000015258789,58.95000076293945,58.95000076293945
5537,87.0,177772,W,9480,476.0,150.0,visa,226.0,debit,476.0,87.0,,,,1.0,1.0,0.0,0.0,0.0,1.0,0.0,0.0,1.0,0.0,1.0,0.0,0.0,0.0,0.0,,0.0,,,0.0,,179.0,179.0,0.0,0.0,0.0,179.0,179.0,179.0,0.0,0.0,0.0,,179.0,179.0,0.0,0.0
1631,300.0,136721,W,7919,194.0,150.0,mastercard,202.0,debit,181.0,87.0,,,,1.0,2.0,0.0,0.0,0.0,0.0,0.0,0.0,1.0,0.0,1.0,0.0,2.0,1.0,26.0,22.0,0.0,,,26.0,,0.0,0.0,0.0,0.0,0.0,0.0,0.0,0.0,0.0,0.0,0.0,,875.0,300.0,300.0,436.0
50,117.0,87319,W,10045,114.0,150.0,visa,226.0,debit,299.0,87.0,16.0,gmail.com,,1.0,1.0,0.0,0.0,0.0,1.0,0.0,0.0,1.0,0.0,1.0,0.0,1.0,1.0,0.0,,,0.0,,0.0,0.0,0.0,0.0,0.0,0.0,0.0,0.0,0.0,0.0,0.0,0.0,0.0,,0.0,0.0,0.0,0.0
2750,35.648,149111,C,3154,408.0,185.0,mastercard,224.0,debit,,,,hotmail.com,hotmail.com,2.0,3.0,0.0,1.0,0.0,1.0,1.0,2.0,0.0,1.0,1.0,1.0,3.0,2.0,336.0,336.0,336.0,,,0.0,,0.0,0.0,0.0,0.0,0.0,0.0,0.0,0.0,0.0,0.0,0.0,,0.0,0.0,0.0,0.0
9893,107.95,309774,W,2220,420.0,150.0,mastercard,224.0,debit,143.0,87.0,0.0,yahoo.com,,115.0,92.0,0.0,0.0,127.0,73.0,0.0,0.0,72.0,0.0,80.0,0.0,492.0,90.0,64.0,,28.0,,,354.0,268.0,107.9499969482422,0.0,0.0,0.0,0.0,0.0,107.9499969482422,0.0,0.0,0.0,0.0,,107.9499969482422,0.0,0.0,0.0
1833,108.95,139655,W,9500,321.0,150.0,visa,226.0,debit,204.0,87.0,,gmail.com,,2.0,1.0,0.0,0.0,1.0,1.0,0.0,0.0,1.0,0.0,1.0,0.0,4.0,1.0,34.0,34.0,21.0,40.0,21.0,40.0,,0.0,0.0,0.0,0.0,0.0,0.0,0.0,0.0,0.0,0.0,0.0,,137.89999389648438,0.0,0.0,137.89999389648438
5826,52.95,183089,W,11839,490.0,150.0,visa,226.0,debit,512.0,87.0,21.0,gmail.com,,2.0,1.0,0.0,0.0,1.0,1.0,0.0,0.0,1.0,0.0,2.0,0.0,2.0,2.0,0.0,,,144.0,144.0,144.0,0.0,0.0,0.0,0.0,0.0,0.0,0.0,0.0,0.0,0.0,0.0,0.0,,0.0,0.0,0.0,0.0
2534,200.0,146961,W,16132,111.0,150.0,visa,226.0,debit,299.0,87.0,,yahoo.com,,3.0,2.0,0.0,0.0,0.0,1.0,0.0,0.0,1.0,0.0,1.0,0.0,3.0,1.0,38.0,38.0,0.0,,,413.0,,213.0,213.0,0.0,0.0,0.0,213.0,213.0,213.0,0.0,0.0,0.0,,332.0,272.0,59.0,119.0
1803,67.95,139282,W,7919,194.0,150.0,mastercard,202.0,debit,231.0,87.0,1.0,,,4.0,4.0,0.0,0.0,9.0,2.0,0.0,0.0,2.0,0.0,2.0,0.0,23.0,2.0,213.0,213.0,0.0,,,91.0,213.0,0.0,0.0,0.0,0.0,0.0,0.0,0.0,0.0,0.0,0.0,0.0,,202.9499969482422,120.0,120.0,202.9499969482422
2492,30.0,146570,W,16709,275.0,150.0,mastercard,224.0,debit,264.0,87.0,,yahoo.com,,13.0,7.0,0.0,0.0,2.0,16.0,0.0,0.0,11.0,0.0,12.0,0.0,83.0,7.0,14.0,14.0,1.0,,,151.0,,0.0,0.0,0.0,0.0,0.0,0.0,0.0,0.0,0.0,0.0,0.0,,3074.5,648.0,0.0,179.0
9030,244.97,262393,W,2616,327.0,150.0,discover,102.0,credit,126.0,87.0,12.0,yahoo.com,,1.0,1.0,0.0,0.0,1.0,1.0,0.0,0.0,1.0,0.0,1.0,0.0,2.0,1.0,32.0,32.0,31.0,,,31.0,,0.0,0.0,0.0,0.0,0.0,0.0,0.0,0.0,0.0,0.0,0.0,,0.0,0.0,0.0,0.0
5805,35.95,182669,W,15484,418.0,150.0,visa,226.0,debit,225.0,87.0,7.0,gmail.com,,4.0,3.0,0.0,0.0,2.0,3.0,0.0,0.0,1.0,0.0,2.0,0.0,4.0,4.0,0.0,,,,,0.0,,0.0,0.0,0.0,0.0,0.0,0.0,0.0,0.0,0.0,0.0,0.0,,0.0,0.0,0.0,0.0
7228,59.0,236639,W,1618,360.0,150.0,mastercard,126.0,debit,204.0,87.0,8.0,gmail.com,,1.0,1.0,0.0,0.0,0.0,1.0,0.0,0.0,2.0,0.0,1.0,0.0,3.0,1.0,42.0,42.0,1.0,42.0,15.0,42.0,42.0,0.0,0.0,0.0,0.0,0.0,0.0,0.0,0.0,0.0,0.0,0.0,,110.0,59.0,0.0,51.0
5910,50.0,185186,W,10989,360.0,150.0,visa,166.0,debit,204.0,87.0,,outlook.com,,4.0,2.0,0.0,0.0,1.0,1.0,0.0,0.0,1.0,0.0,2.0,0.0,8.0,3.0,56.0,56.0,8.0,83.0,8.0,46.0,,137.94999694824222,0.0,0.0,137.94999694824222,0.0,0.0,0.0,0.0,0.0,0.0,0.0,,137.94999694824222,0.0,0.0,137.94999694824222
9214,167.0,265223,W,10847,302.0,150.0,visa,226.0,credit,325.0,87.0,,anonymous.com,,122.0,111.0,0.0,0.0,85.0,89.0,0.0,0.0,69.0,0.0,94.0,0.0,398.0,104.0,483.0,483.0,0.0,482.0,0.0,482.0,,527.0,527.0,167.0,360.0,360.0,0.0,167.0,167.0,0.0,0.0,0.0,,2635.0,1128.0,167.0,2275.0
3992,40.0,161236,H,16727,111.0,150.0,visa,226.0,credit,143.0,87.0,,yahoo.com,,1.0,1.0,0.0,0.0,0.0,1.0,0.0,1.0,0.0,1.0,1.0,0.0,1.0,1.0,0.0,,,,,,,0.0,0.0,0.0,0.0,0.0,0.0,0.0,0.0,0.0,0.0,0.0,0.0,0.0,0.0,0.0,0.0
7231,5.861,236673,C,15172,459.0,185.0,visa,226.0,credit,,,,hotmail.com,hotmail.com,1.0,1.0,0.0,1.0,0.0,1.0,1.0,1.0,0.0,1.0,1.0,1.0,0.0,0.0,0.0,,,,,0.0,,0.0,0.0,0.0,0.0,0.0,0.0,0.0,0.0,0.0,0.0,0.0,,0.0,0.0,0.0,0.0
4038,59.0,161682,W,7987,532.0,150.0,mastercard,224.0,debit,269.0,87.0,9.0,,,1.0,1.0,0.0,0.0,0.0,0.0,0.0,0.0,1.0,0.0,1.0,0.0,1.0,1.0,0.0,,,,,0.0,,0.0,0.0,0.0,0.0,0.0,0.0,0.0,0.0,0.0,0.0,0.0,,0.0,0.0,0.0,0.0
993,27.95,111885,W,12469,360.0,150.0,mastercard,166.0,debit,310.0,87.0,20.0,yahoo.com,,138.0,132.0,0.0,0.0,208.0,98.0,0.0,0.0,97.0,0.0,108.0,0.0,632.0,110.0,421.0,421.0,347.0,495.0,270.0,0.0,389.0,0.0,0.0,0.0,0.0,0.0,0.0,0.0,0.0,0.0,0.0,0.0,,0.0,0.0,0.0,0.0
4993,23.987,171589,C,15257,375.0,185.0,mastercard,224.0,debit,,,,gmail.com,gmail.com,1.0,2.0,0.0,1.0,0.0,1.0,1.0,2.0,0.0,0.0,1.0,1.0,0.0,0.0,0.0,,0.0,,,0.0,,0.0,0.0,0.0,0.0,0.0,0.0,0.0,0.0,0.0,0.0,0.0,,23.9867000579834,23.9867000579834,0.0,0.0
5662,30.0,179662,W,13481,445.0,150.0,mastercard,224.0,debit,325.0,87.0,,,,4.0,3.0,0.0,0.0,1.0,1.0,0.0,0.0,2.0,0.0,3.0,0.0,39.0,4.0,214.0,214.0,0.0,,,367.0,,75.0,75.0,75.0,75.0,75.0,0.0,0.0,0.0,0.0,0.0,0.0,,75.0,75.0,75.0,75.0
1660,40.0,137243,W,13089,194.0,150.0,mastercard,202.0,debit,272.0,87.0,,gmail.com,,1.0,1.0,0.0,0.0,0.0,1.0,0.0,0.0,1.0,0.0,1.0,0.0,3.0,1.0,392.0,392.0,213.0,392.0,213.0,392.0,,0.0,0.0,0.0,0.0,0.0,0.0,0.0,0.0,0.0,0.0,0.0,,0.0,0.0,0.0,0.0
1393,25.0,132764,S,4141,404.0,150.0,mastercard,102.0,credit,330.0,87.0,,,yahoo.com,4.0,2.0,0.0,1.0,0.0,0.0,0.0,4.0,0.0,9.0,1.0,0.0,9.0,3.0,0.0,,,,,,,0.0,0.0,0.0,0.0,0.0,0.0,0.0,0.0,0.0,0.0,0.0,0.0,0.0,0.0,0.0,0.0
9783,30.0,302635,W,5618,390.0,150.0,mastercard,224.0,debit,315.0,87.0,,yahoo.com,,1.0,2.0,0.0,0.0,0.0,1.0,0.0,0.0,1.0,0.0,1.0,0.0,8.0,1.0,122.0,122.0,1.0,,,51.0,,92.0,92.0,92.0,92.0,92.0,0.0,0.0,0.0,0.0,0.0,0.0,,192.0,192.0,92.0,192.0
7640,25.95,242153,W,7919,194.0,150.0,mastercard,166.0,debit,184.0,87.0,6.0,yahoo.com,,20.0,21.0,0.0,0.0,10.0,12.0,0.0,0.0,12.0,0.0,13.0,0.0,43.0,17.0,0.0,,,,,0.0,,0.0,0.0,0.0,0.0,0.0,0.0,0.0,0.0,0.0,0.0,0.0,,0.0,0.0,0.0,0.0
9049,125.0,262666,H,10486,514.0,150.0,mastercard,219.0,credit,204.0,87.0,,hotmail.com,,1.0,1.0,0.0,0.0,0.0,1.0,0.0,1.0,0.0,1.0,1.0,0.0,0.0,0.0,0.0,,,,,,,0.0,0.0,0.0,0.0,0.0,0.0,0.0,0.0,0.0,0.0,0.0,0.0,0.0,0.0,0.0,0.0
5885,26.95,184585,W,18132,567.0,150.0,mastercard,117.0,debit,204.0,87.0,,gmail.com,,7.0,5.0,0.0,0.0,4.0,4.0,0.0,0.0,5.0,0.0,5.0,0.0,11.0,7.0,0.0,,,0.0,,17.0,,48.95000076293945,0.0,0.0,48.95000076293945,0.0,0.0,0.0,0.0,0.0,0.0,0.0,,0.0,0.0,0.0,0.0
7262,55.0,236984,W,2408,571.0,150.0,visa,226.0,debit,123.0,87.0,,yahoo.com,,5.0,4.0,0.0,0.0,1.0,3.0,0.0,0.0,4.0,0.0,4.0,0.0,28.0,5.0,484.0,484.0,13.0,485.0,13.0,485.0,,0.0,0.0,0.0,0.0,0.0,0.0,0.0,0.0,0.0,0.0,0.0,,142.0,0.0,0.0,142.0
5940,57.95,186113,W,7919,194.0,150.0,mastercard,166.0,debit,299.0,87.0,,,,135.0,120.0,0.0,0.0,155.0,102.0,0.0,0.0,87.0,0.0,102.0,0.0,479.0,109.0,153.0,153.0,20.0,,,396.0,,0.0,0.0,0.0,0.0,0.0,0.0,0.0,0.0,0.0,0.0,0.0,,33.919998168945305,0.0,0.0,33.919998168945305
9039,35.95,262470,W,12577,268.0,150.0,visa,166.0,debit,315.0,87.0,,,,3.0,2.0,0.0,0.0,2.0,2.0,0.0,0.0,2.0,0.0,2.0,0.0,12.0,2.0,379.0,379.0,0.0,,,357.0,,209.9499969482422,209.9499969482422,209.9499969482422,209.9499969482422,209.9499969482422,0.0,0.0,0.0,0.0,0.0,0.0,,339.9200134277344,209.9499969482422,209.9499969482422,339.9200134277344
7333,300.0,237783,W,14785,555.0,150.0,visa,226.0,debit,343.0,87.0,,gmail.com,,8.0,7.0,0.0,0.0,9.0,6.0,0.0,0.0,4.0,0.0,6.0,0.0,49.0,7.0,282.0,282.0,7.0,,,445.0,,0.0,0.0,0.0,0.0,0.0,0.0,0.0,0.0,0.0,0.0,0.0,,83.30999755859375,83.30999755859375,0.0,83.30999755859375
1068,169.95,116240,W,13481,199.0,150.0,mastercard,224.0,debit,330.0,87.0,211.0,,,95.0,80.0,0.0,0.0,84.0,82.0,0.0,0.0,59.0,0.0,71.0,0.0,487.0,81.0,224.0,212.0,3.0,,,497.0,455.0,235.0,5.0,0.0,235.0,5.0,0.0,0.0,0.0,0.0,0.0,0.0,,235.0,5.0,0.0,235.0
274,222.0,90715,W,10112,360.0,150.0,visa,166.0,debit,512.0,87.0,,hotmail.com,,149.0,111.0,0.0,0.0,111.0,122.0,0.0,0.0,97.0,0.0,98.0,0.0,408.0,106.0,64.0,,63.0,88.0,63.0,93.0,,0.0,0.0,0.0,0.0,0.0,0.0,0.0,0.0,0.0,0.0,0.0,,0.0,0.0,0.0,0.0
3790,58.95,158997,W,12544,321.0,150.0,visa,226.0,debit,441.0,87.0,,yahoo.com,,1.0,1.0,0.0,0.0,1.0,1.0,0.0,0.0,0.0,0.0,1.0,0.0,5.0,1.0,60.0,60.0,12.0,,,60.0,,0.0,0.0,0.0,0.0,0.0,0.0,0.0,0.0,0.0,0.0,0.0,,128.94999694824222,0.0,0.0,128.94999694824222
4613,130.0,167386,W,15368,543.0,150.0,mastercard,224.0,debit,264.0,87.0,,verizon.net,,3.0,2.0,0.0,0.0,1.0,2.0,0.0,0.0,2.0,0.0,2.0,0.0,14.0,3.0,207.0,207.0,36.0,,,473.0,,0.0,0.0,0.0,0.0,0.0,0.0,0.0,0.0,0.0,0.0,0.0,,0.0,0.0,0.0,0.0
5665,34.0,179692,W,6207,355.0,150.0,visa,166.0,debit,143.0,87.0,,gmail.com,,1.0,1.0,0.0,0.0,0.0,1.0,0.0,0.0,0.0,0.0,1.0,0.0,0.0,0.0,390.0,390.0,369.0,,,390.0,,0.0,0.0,0.0,0.0,0.0,0.0,0.0,0.0,0.0,0.0,0.0,,0.0,0.0,0.0,0.0
4216,54.5,163124,W,6458,534.0,150.0,visa,226.0,debit,191.0,87.0,0.0,,,1.0,2.0,0.0,0.0,0.0,1.0,0.0,0.0,1.0,0.0,1.0,0.0,4.0,1.0,30.0,30.0,0.0,,,28.0,211.0,59.0,0.0,0.0,59.0,0.0,0.0,0.0,0.0,0.0,0.0,0.0,,286.0,59.0,0.0,59.0
2615,100.0,147748,W,7919,194.0,150.0,mastercard,166.0,debit,126.0,87.0,,yahoo.com,,4.0,3.0,0.0,0.0,1.0,5.0,0.0,0.0,2.0,0.0,3.0,0.0,18.0,4.0,245.0,245.0,30.0,478.0,2.0,478.0,,0.0,0.0,0.0,0.0,0.0,0.0,0.0,0.0,0.0,0.0,0.0,,0.0,0.0,0.0,0.0
447,59.0,93861,W,12219,,150.0,visa,166.0,debit,441.0,87.0,214.0,yahoo.com,,1.0,1.0,0.0,0.0,0.0,1.0,0.0,0.0,1.0,0.0,1.0,0.0,1.0,1.0,0.0,,,0.0,,0.0,0.0,0.0,0.0,0.0,0.0,0.0,0.0,0.0,0.0,0.0,0.0,0.0,,0.0,0.0,0.0,0.0
5648,19.153,179413,C,15885,545.0,185.0,visa,138.0,debit,,,,gmail.com,gmail.com,1.0,1.0,0.0,1.0,0.0,1.0,1.0,1.0,0.0,0.0,1.0,1.0,1.0,1.0,0.0,,,,,0.0,,0.0,0.0,0.0,0.0,0.0,0.0,0.0,0.0,0.0,0.0,0.0,,0.0,0.0,0.0,0.0
7932,130.95,245867,W,1461,555.0,150.0,visa,226.0,debit,299.0,87.0,1.0,gmail.com,,150.0,131.0,0.0,0.0,118.0,97.0,0.0,0.0,100.0,0.0,106.0,0.0,393.0,120.0,0.0,,,,,428.0,,0.0,0.0,0.0,0.0,0.0,0.0,0.0,0.0,0.0,0.0,0.0,,0.0,0.0,0.0,0.0
1087,315.0,118160,W,7919,194.0,150.0,mastercard,202.0,debit,299.0,87.0,70.0,yahoo.com,,3.0,2.0,0.0,0.0,0.0,4.0,0.0,0.0,2.0,0.0,3.0,0.0,5.0,2.0,25.0,25.0,22.0,0.0,,25.0,22.0,212.0,0.0,0.0,212.0,0.0,0.0,0.0,0.0,0.0,0.0,0.0,,212.0,0.0,0.0,212.0
5748,20.0,181610,W,11724,390.0,150.0,mastercard,224.0,debit,433.0,87.0,21.0,,,39.0,27.0,0.0,0.0,29.0,22.0,0.0,0.0,22.0,0.0,26.0,0.0,110.0,26.0,91.0,91.0,28.0,,,484.0,450.0,100.0,0.0,0.0,100.0,0.0,0.0,0.0,0.0,0.0,0.0,0.0,,100.0,0.0,0.0,100.0
518,367.95,95326,W,16132,111.0,150.0,visa,226.0,debit,299.0,87.0,210.0,gmail.com,,1.0,1.0,0.0,0.0,1.0,1.0,0.0,0.0,1.0,0.0,1.0,0.0,1.0,1.0,0.0,,,0.0,,0.0,0.0,0.0,0.0,0.0,0.0,0.0,0.0,0.0,0.0,0.0,0.0,0.0,,0.0,0.0,0.0,0.0
7548,50.0,240813,W,17131,111.0,150.0,mastercard,224.0,debit,264.0,87.0,,,,6.0,5.0,0.0,0.0,0.0,4.0,0.0,0.0,1.0,0.0,1.0,0.0,29.0,6.0,169.0,169.0,12.0,,,56.0,,0.0,0.0,0.0,0.0,0.0,0.0,0.0,0.0,0.0,0.0,0.0,,317.0,0.0,0.0,317.0
5589,43.0,178503,W,11218,579.0,150.0,visa,226.0,debit,184.0,87.0,,yahoo.com,,2.0,1.0,0.0,0.0,2.0,1.0,0.0,0.0,1.0,0.0,1.0,0.0,5.0,2.0,124.0,124.0,104.0,248.0,104.0,248.0,,0.0,0.0,0.0,0.0,0.0,0.0,0.0,0.0,0.0,0.0,0.0,,0.0,0.0,0.0,0.0
4049,80.0,161750,W,6573,583.0,150.0,visa,226.0,credit,325.0,87.0,,,,5.0,8.0,0.0,0.0,0.0,5.0,0.0,0.0,5.0,0.0,4.0,0.0,72.0,3.0,413.0,413.0,5.0,,,10.0,,0.0,0.0,0.0,0.0,0.0,0.0,0.0,0.0,0.0,0.0,0.0,,454.0,79.0,0.0,454.0
9965,300.0,312256,W,7207,111.0,150.0,visa,226.0,debit,204.0,87.0,,,,52.0,53.0,0.0,0.0,46.0,33.0,0.0,0.0,30.0,0.0,38.0,0.0,292.0,42.0,468.0,468.0,2.0,,,139.0,,150.0,150.0,0.0,150.0,150.0,0.0,0.0,0.0,0.0,0.0,0.0,,8066.5,2459.0,0.0,1683.0
1623,38.427,136636,C,15885,545.0,185.0,visa,138.0,debit,,,,anonymous.com,anonymous.com,1.0,5.0,0.0,1.0,0.0,1.0,1.0,1.0,0.0,3.0,2.0,2.0,5.0,1.0,210.0,210.0,24.0,210.0,24.0,0.0,,0.0,0.0,0.0,0.0,0.0,0.0,0.0,0.0,0.0,0.0,0.0,,36.97700119018555,0.0,0.0,36.97700119018555
8574,150.0,254990,H,8406,264.0,150.0,visa,226.0,debit,204.0,87.0,,gmail.com,,1.0,1.0,0.0,0.0,0.0,1.0,0.0,1.0,0.0,1.0,1.0,0.0,1.0,1.0,0.0,,,,,,,0.0,0.0,0.0,0.0,0.0,0.0,0.0,0.0,0.0,0.0,0.0,0.0,0.0,0.0,0.0,0.0
1672,50.0,137422,R,2616,327.0,150.0,discover,102.0,credit,441.0,87.0,,hotmail.com,hotmail.com,1.0,1.0,0.0,1.0,0.0,1.0,0.0,1.0,0.0,1.0,1.0,0.0,0.0,0.0,0.0,,,,,,,50.0,50.0,0.0,0.0,0.0,0.0,0.0,0.0,50.0,50.0,50.0,0.0,50.0,50.0,0.0,0.0
3023,554.0,151660,W,2616,327.0,150.0,discover,102.0,credit,123.0,87.0,,hotmail.com,,2.0,1.0,0.0,0.0,0.0,1.0,0.0,0.0,1.0,0.0,2.0,0.0,4.0,2.0,90.0,90.0,89.0,,,90.0,,0.0,0.0,0.0,0.0,0.0,0.0,0.0,0.0,0.0,0.0,0.0,,0.0,0.0,0.0,0.0
3309,206.0,154319,W,7826,481.0,150.0,mastercard,224.0,debit,325.0,87.0,,yahoo.com,,1.0,2.0,0.0,0.0,0.0,2.0,0.0,0.0,1.0,0.0,1.0,0.0,6.0,1.0,172.0,172.0,63.0,,,0.0,,0.0,0.0,0.0,0.0,0.0,0.0,0.0,0.0,0.0,0.0,0.0,,0.0,0.0,0.0,0.0
8304,150.0,251198,W,9500,321.0,150.0,visa,226.0,debit,126.0,87.0,,yahoo.com,,1.0,1.0,0.0,0.0,0.0,1.0,0.0,0.0,1.0,0.0,1.0,0.0,2.0,1.0,89.0,89.0,90.0,,,90.0,,0.0,0.0,0.0,0.0,0.0,0.0,0.0,0.0,0.0,0.0,0.0,,0.0,0.0,0.0,0.0
8703,46.282,256709,C,11837,304.0,146.0,visa,226.0,credit,,,,web.de,web.de,1.0,3.0,0.0,1.0,0.0,1.0,1.0,3.0,0.0,2.0,1.0,1.0,1.0,1.0,6.0,6.0,0.0,,,0.0,,0.0,0.0,0.0,0.0,0.0,0.0,0.0,0.0,0.0,0.0,0.0,,80.96279907226562,80.96279907226562,0.0,34.68109893798828
2254,107.95,144307,W,15280,532.0,150.0,mastercard,224.0,debit,191.0,87.0,60.0,yahoo.com,,120.0,118.0,0.0,0.0,180.0,106.0,0.0,0.0,70.0,0.0,93.0,0.0,679.0,110.0,137.0,137.0,11.0,393.0,11.0,393.0,393.0,47.95000076293945,0.0,0.0,47.95000076293945,0.0,0.0,0.0,0.0,0.0,0.0,0.0,,109.8499984741211,0.0,0.0,109.8499984741211
4442,209.95,165632,W,10505,567.0,150.0,mastercard,195.0,debit,272.0,87.0,1.0,aol.com,,2.0,1.0,0.0,0.0,1.0,1.0,0.0,0.0,1.0,0.0,1.0,0.0,3.0,2.0,45.0,45.0,45.0,,,388.0,,0.0,0.0,0.0,0.0,0.0,0.0,0.0,0.0,0.0,0.0,0.0,,0.0,0.0,0.0,0.0
7016,9.0,233800,W,7919,194.0,150.0,mastercard,166.0,debit,441.0,87.0,,gmail.com,,1.0,1.0,0.0,0.0,0.0,1.0,0.0,0.0,1.0,0.0,1.0,0.0,2.0,1.0,123.0,1.0,1.0,,,123.0,,240.0,240.0,0.0,240.0,240.0,0.0,0.0,0.0,0.0,0.0,0.0,,240.0,240.0,0.0,240.0
7841,54.47,244684,W,6952,416.0,150.0,visa,226.0,debit,498.0,87.0,,gmail.com,,1.0,1.0,0.0,0.0,1.0,1.0,0.0,0.0,0.0,0.0,1.0,0.0,0.0,0.0,0.0,,,,,0.0,,0.0,0.0,0.0,0.0,0.0,0.0,0.0,0.0,0.0,0.0,0.0,,0.0,0.0,0.0,0.0
4742,224.0,168920,W,7919,194.0,150.0,mastercard,166.0,debit,472.0,87.0,31.0,hotmail.com,,1.0,2.0,0.0,0.0,0.0,1.0,0.0,0.0,2.0,0.0,1.0,0.0,13.0,1.0,424.0,424.0,25.0,424.0,25.0,302.0,302.0,0.0,0.0,0.0,0.0,0.0,0.0,0.0,0.0,0.0,0.0,0.0,,276.0,0.0,0.0,276.0
8278,19.5,250786,W,15224,248.0,150.0,mastercard,166.0,debit,264.0,87.0,,gmail.com,,1.0,1.0,0.0,0.0,0.0,1.0,0.0,0.0,1.0,0.0,1.0,0.0,1.0,1.0,0.0,,,0.0,,0.0,0.0,0.0,0.0,0.0,0.0,0.0,0.0,0.0,0.0,0.0,0.0,0.0,,0.0,0.0,0.0,0.0
6161,117.0,195186,W,13780,298.0,150.0,visa,226.0,debit,441.0,87.0,16.0,gmail.com,,2.0,1.0,0.0,0.0,0.0,1.0,0.0,0.0,1.0,0.0,1.0,0.0,4.0,1.0,0.0,,0.0,24.0,5.0,24.0,24.0,0.0,0.0,0.0,0.0,0.0,0.0,0.0,0.0,0.0,0.0,0.0,,234.0,234.0,0.0,0.0
3045,117.0,151885,W,12544,321.0,150.0,visa,226.0,debit,337.0,87.0,,gmail.com,,1.0,1.0,0.0,0.0,0.0,1.0,0.0,0.0,0.0,0.0,1.0,0.0,1.0,1.0,14.0,14.0,14.0,,,14.0,,0.0,0.0,0.0,0.0,0.0,0.0,0.0,0.0,0.0,0.0,0.0,,59.0,0.0,0.0,59.0
7203,77.0,236361,W,12544,321.0,150.0,visa,226.0,debit,476.0,87.0,616.0,gmail.com,,1.0,1.0,0.0,0.0,0.0,1.0,0.0,0.0,1.0,0.0,1.0,0.0,1.0,1.0,0.0,,,0.0,,0.0,0.0,0.0,0.0,0.0,0.0,0.0,0.0,0.0,0.0,0.0,0.0,0.0,,0.0,0.0,0.0,0.0
4963,20.0,171354,W,10057,225.0,150.0,mastercard,224.0,debit,181.0,87.0,7.0,,,5.0,3.0,0.0,0.0,4.0,2.0,0.0,0.0,3.0,0.0,3.0,0.0,50.0,5.0,17.0,17.0,0.0,,,459.0,369.0,40.0,40.0,0.0,0.0,0.0,0.0,0.0,0.0,40.0,40.0,40.0,,180.8000030517578,65.94999694824219,0.0,114.8499984741211
3154,402.5,152905,W,6727,424.0,150.0,visa,226.0,debit,251.0,87.0,65.0,gmail.com,,1.0,1.0,0.0,0.0,0.0,1.0,0.0,0.0,1.0,0.0,1.0,0.0,2.0,1.0,29.0,29.0,0.0,,,29.0,,0.0,0.0,0.0,0.0,0.0,0.0,0.0,0.0,0.0,0.0,0.0,,469.5,425.0,0.0,44.5
5794,226.0,182385,W,5300,225.0,150.0,mastercard,117.0,debit,194.0,87.0,,,,2.0,2.0,0.0,0.0,0.0,1.0,0.0,0.0,1.0,0.0,2.0,0.0,8.0,2.0,0.0,0.0,0.0,,,0.0,,0.0,0.0,0.0,0.0,0.0,0.0,0.0,0.0,0.0,0.0,0.0,,186.0,186.0,186.0,186.0
6802,105.0,230792,W,15359,562.0,150.0,mastercard,219.0,credit,204.0,87.0,,gmail.com,,1.0,1.0,0.0,0.0,0.0,1.0,0.0,0.0,1.0,0.0,1.0,0.0,1.0,1.0,408.0,408.0,408.0,,,408.0,,0.0,0.0,0.0,0.0,0.0,0.0,0.0,0.0,0.0,0.0,0.0,,0.0,0.0,0.0,0.0
9964,45.0,312243,W,13509,555.0,150.0,visa,226.0,credit,143.0,87.0,,hotmail.com,,1.0,1.0,0.0,0.0,0.0,1.0,0.0,0.0,1.0,0.0,1.0,0.0,15.0,1.0,53.0,53.0,4.0,53.0,4.0,53.0,,0.0,0.0,0.0,0.0,0.0,0.0,0.0,0.0,0.0,0.0,0.0,,635.0,260.0,0.0,635.0
9414,210.95,269346,W,5376,111.0,150.0,mastercard,224.0,debit,441.0,87.0,,anonymous.com,,135.0,131.0,0.0,0.0,103.0,112.0,0.0,0.0,78.0,0.0,101.0,0.0,434.0,108.0,0.0,,,,,0.0,,0.0,0.0,0.0,0.0,0.0,0.0,0.0,0.0,0.0,0.0,0.0,,0.0,0.0,0.0,0.0
5928,29.0,185626,W,12686,215.0,150.0,visa,226.0,debit,498.0,87.0,6.0,,,1.0,2.0,0.0,0.0,0.0,2.0,0.0,0.0,1.0,0.0,1.0,0.0,5.0,1.0,329.0,19.0,0.0,,,77.0,328.0,118.0,118.0,49.0,49.0,49.0,69.0,69.0,69.0,0.0,0.0,0.0,,338.0,196.0,49.0,230.0
7017,149.95,233800,W,14290,512.0,150.0,visa,226.0,debit,225.0,87.0,,gmail.com,,1.0,1.0,0.0,0.0,1.0,1.0,0.0,0.0,1.0,0.0,1.0,0.0,1.0,1.0,0.0,,,,,0.0,,0.0,0.0,0.0,0.0,0.0,0.0,0.0,0.0,0.0,0.0,0.0,,0.0,0.0,0.0,0.0
1112,100.0,120688,W,7919,194.0,150.0,mastercard,202.0,debit,225.0,87.0,,gmail.com,,1.0,1.0,0.0,0.0,1.0,1.0,0.0,0.0,1.0,0.0,1.0,0.0,8.0,1.0,182.0,182.0,28.0,120.0,28.0,182.0,,107.9499969482422,0.0,0.0,107.9499969482422,0.0,0.0,0.0,0.0,0.0,0.0,0.0,,107.9499969482422,0.0,0.0,107.9499969482422
4084,92.0,162058,W,1444,490.0,150.0,visa,166.0,debit,181.0,87.0,,gmail.com,,2.0,2.0,0.0,0.0,0.0,1.0,0.0,0.0,1.0,0.0,1.0,0.0,1.0,1.0,0.0,,,,,0.0,,0.0,0.0,0.0,0.0,0.0,0.0,0.0,0.0,0.0,0.0,0.0,,0.0,0.0,0.0,0.0
6951,20.0,232822,W,7542,555.0,150.0,visa,226.0,debit,226.0,87.0,,gmail.com,,1.0,3.0,0.0,0.0,0.0,3.0,0.0,0.0,6.0,0.0,2.0,0.0,10.0,1.0,58.0,58.0,2.0,,,58.0,,159.0,159.0,0.0,0.0,0.0,0.0,159.0,159.0,0.0,0.0,0.0,,944.0,475.0,0.0,370.0
4185,107.95,162894,W,7919,194.0,150.0,mastercard,166.0,debit,225.0,87.0,,hotmail.com,,1.0,2.0,0.0,0.0,1.0,1.0,0.0,0.0,2.0,0.0,1.0,0.0,4.0,1.0,27.0,27.0,6.0,,,12.0,,0.0,0.0,0.0,0.0,0.0,0.0,0.0,0.0,0.0,0.0,0.0,,271.79998779296875,47.95000076293945,0.0,271.79998779296875
4194,311.95,162957,W,7585,553.0,150.0,visa,226.0,credit,272.0,87.0,,gmail.com,,4.0,7.0,0.0,0.0,1.0,4.0,0.0,0.0,4.0,0.0,4.0,0.0,44.0,4.0,0.0,,,,,0.0,,0.0,0.0,0.0,0.0,0.0,0.0,0.0,0.0,0.0,0.0,0.0,,0.0,0.0,0.0,0.0
1732,136.99,138293,W,9112,250.0,150.0,visa,226.0,debit,441.0,87.0,5.0,gmail.com,,1.0,1.0,0.0,0.0,0.0,2.0,0.0,0.0,1.0,0.0,1.0,0.0,2.0,1.0,11.0,11.0,7.0,11.0,7.0,11.0,11.0,0.0,0.0,0.0,0.0,0.0,0.0,0.0,0.0,0.0,0.0,0.0,,290.5,234.0,0.0,153.5
1775,87.0,138753,W,17217,111.0,150.0,visa,226.0,debit,204.0,87.0,5.0,yahoo.com,,108.0,85.0,0.0,0.0,83.0,68.0,0.0,0.0,56.0,0.0,66.0,0.0,387.0,86.0,167.0,167.0,139.0,167.0,139.0,275.0,30.0,0.0,0.0,0.0,0.0,0.0,0.0,0.0,0.0,0.0,0.0,0.0,,0.0,0.0,0.0,0.0
6968,40.0,233155,W,9500,321.0,150.0,visa,226.0,debit,126.0,87.0,4.0,gmail.com,,1.0,1.0,0.0,0.0,1.0,1.0,0.0,0.0,1.0,0.0,1.0,0.0,2.0,1.0,2.0,1.0,1.0,,,2.0,,47.95000076293945,47.95000076293945,47.95000076293945,47.95000076293945,47.95000076293945,0.0,0.0,0.0,0.0,0.0,0.0,,95.9000015258789,95.9000015258789,47.95000076293945,47.95000076293945
8674,46.282,256372,C,11837,304.0,146.0,visa,226.0,credit,,,,web.de,web.de,1.0,2.0,0.0,1.0,0.0,1.0,1.0,2.0,0.0,2.0,1.0,1.0,1.0,1.0,6.0,6.0,6.0,,,0.0,,0.0,0.0,0.0,0.0,0.0,0.0,0.0,0.0,0.0,0.0,0.0,,34.68109893798828,34.68109893798828,0.0,34.68109893798828
6517,117.0,225675,W,13780,298.0,150.0,visa,226.0,debit,441.0,87.0,16.0,gmail.com,,2.0,1.0,0.0,0.0,0.0,1.0,0.0,0.0,1.0,0.0,1.0,0.0,4.0,1.0,0.0,,0.0,,,25.0,,117.0,117.0,0.0,0.0,0.0,0.0,0.0,0.0,117.0,117.0,117.0,,351.0,351.0,0.0,0.0
7753,20.0,243592,H,12839,321.0,150.0,visa,226.0,debit,126.0,87.0,,aol.com,,1.0,1.0,0.0,0.0,0.0,1.0,0.0,1.0,0.0,1.0,1.0,0.0,1.0,1.0,0.0,,,,,,,0.0,0.0,0.0,0.0,0.0,0.0,0.0,0.0,0.0,0.0,0.0,0.0,0.0,0.0,0.0,0.0
8894,122.0,259955,W,1554,555.0,150.0,visa,226.0,debit,205.0,87.0,,gmail.com,,1.0,1.0,0.0,0.0,0.0,1.0,0.0,0.0,0.0,0.0,1.0,0.0,1.0,1.0,0.0,,,,,0.0,,0.0,0.0,0.0,0.0,0.0,0.0,0.0,0.0,0.0,0.0,0.0,,0.0,0.0,0.0,0.0
7952,44.5,246019,W,17055,393.0,150.0,mastercard,117.0,debit,472.0,87.0,121.0,gmail.com,,4.0,3.0,0.0,0.0,0.0,1.0,0.0,0.0,2.0,0.0,1.0,0.0,3.0,2.0,272.0,,272.0,,,0.0,,0.0,0.0,0.0,0.0,0.0,0.0,0.0,0.0,0.0,0.0,0.0,,0.0,0.0,0.0,0.0
5306,75.0,174908,W,13108,215.0,150.0,visa,226.0,debit,191.0,87.0,,yahoo.com,,1.0,1.0,0.0,0.0,0.0,1.0,0.0,0.0,1.0,0.0,1.0,0.0,2.0,1.0,58.0,58.0,57.0,,,57.0,,0.0,0.0,0.0,0.0,0.0,0.0,0.0,0.0,0.0,0.0,0.0,,0.0,0.0,0.0,0.0
3646,186.0,157522,W,15603,225.0,150.0,mastercard,224.0,debit,315.0,87.0,1.0,gmail.com,,2.0,2.0,0.0,0.0,2.0,1.0,0.0,0.0,2.0,0.0,2.0,0.0,8.0,1.0,221.0,221.0,31.0,,,221.0,101.0,0.0,0.0,0.0,0.0,0.0,0.0,0.0,0.0,0.0,0.0,0.0,,0.0,0.0,0.0,0.0
8864,100.0,259329,W,13481,445.0,150.0,mastercard,224.0,debit,123.0,87.0,,,,2.0,2.0,0.0,0.0,3.0,1.0,0.0,0.0,1.0,0.0,2.0,0.0,23.0,2.0,363.0,363.0,1.0,,,362.0,,80.0,80.0,80.0,80.0,80.0,0.0,0.0,0.0,0.0,0.0,0.0,,80.0,80.0,80.0,80.0
416,35.0,93218,H,11920,583.0,150.0,visa,226.0,credit,264.0,87.0,,hotmail.com,,1.0,1.0,0.0,0.0,0.0,1.0,0.0,1.0,0.0,1.0,1.0,0.0,1.0,1.0,0.0,,,,,,,0.0,0.0,0.0,0.0,0.0,0.0,0.0,0.0,0.0,0.0,0.0,0.0,0.0,0.0,0.0,0.0
8138,26.0,248452,W,7919,194.0,150.0,mastercard,166.0,debit,181.0,87.0,7.0,,,1.0,1.0,0.0,0.0,0.0,0.0,0.0,0.0,1.0,0.0,1.0,0.0,1.0,1.0,0.0,,,,,0.0,,0.0,0.0,0.0,0.0,0.0,0.0,0.0,0.0,0.0,0.0,0.0,,0.0,0.0,0.0,0.0
9574,55.0,275926,W,1078,512.0,150.0,visa,226.0,debit,485.0,87.0,2.0,,,1.0,1.0,0.0,0.0,2.0,0.0,0.0,0.0,1.0,0.0,1.0,0.0,8.0,1.0,52.0,52.0,5.0,,,51.0,,0.0,0.0,0.0,0.0,0.0,0.0,0.0,0.0,0.0,0.0,0.0,,310.0,60.0,0.0,310.0
2215,25.95,143933,W,12839,321.0,150.0,visa,226.0,debit,264.0,87.0,0.0,gmail.com,,4.0,2.0,0.0,0.0,1.0,2.0,0.0,0.0,2.0,0.0,3.0,0.0,66.0,3.0,44.0,44.0,29.0,,,44.0,,0.0,0.0,0.0,0.0,0.0,0.0,0.0,0.0,0.0,0.0,0.0,,30.95000076293945,0.0,0.0,30.95000076293945
799,107.95,102732,W,2407,302.0,150.0,visa,226.0,debit,476.0,87.0,,gmail.com,,2.0,2.0,0.0,0.0,1.0,2.0,0.0,0.0,1.0,0.0,2.0,0.0,2.0,2.0,0.0,,,0.0,,0.0,,0.0,0.0,0.0,0.0,0.0,0.0,0.0,0.0,0.0,0.0,0.0,,0.0,0.0,0.0,0.0
5970,160.0,186913,W,12469,360.0,150.0,mastercard,166.0,debit,264.0,87.0,,,,2.0,2.0,0.0,0.0,2.0,2.0,0.0,0.0,1.0,0.0,1.0,0.0,8.0,2.0,85.0,85.0,43.0,,,85.0,,0.0,0.0,0.0,0.0,0.0,0.0,0.0,0.0,0.0,0.0,0.0,,0.0,0.0,0.0,0.0
6939,850.0,232682,W,17188,321.0,150.0,visa,226.0,debit,225.0,87.0,,comcast.net,,2.0,2.0,0.0,0.0,0.0,1.0,0.0,0.0,2.0,0.0,1.0,0.0,6.0,1.0,211.0,211.0,56.0,,,172.0,,0.0,0.0,0.0,0.0,0.0,0.0,0.0,0.0,0.0,0.0,0.0,,0.0,0.0,0.0,0.0
4908,500.0,170820,W,2616,,150.0,discover,102.0,credit,123.0,87.0,,hotmail.com,,2.0,1.0,0.0,0.0,0.0,1.0,0.0,0.0,1.0,0.0,2.0,0.0,5.0,2.0,90.0,90.0,0.0,90.0,33.0,90.0,,0.0,0.0,0.0,0.0,0.0,0.0,0.0,0.0,0.0,0.0,0.0,,554.0,554.0,554.0,554.0
1606,107.95,136315,W,7919,194.0,150.0,mastercard,202.0,debit,330.0,87.0,3.0,yahoo.com,,128.0,129.0,0.0,0.0,213.0,87.0,0.0,0.0,90.0,0.0,98.0,0.0,610.0,95.0,151.0,151.0,28.0,8.0,8.0,231.0,280.0,0.0,0.0,0.0,0.0,0.0,0.0,0.0,0.0,0.0,0.0,0.0,,335.0,0.0,0.0,335.0
1963,60.0,141083,W,11925,553.0,150.0,visa,226.0,debit,512.0,87.0,,gmail.com,,2.0,3.0,0.0,0.0,1.0,1.0,0.0,0.0,2.0,0.0,1.0,0.0,9.0,2.0,93.0,93.0,14.0,217.0,14.0,56.0,,0.0,0.0,0.0,0.0,0.0,0.0,0.0,0.0,0.0,0.0,0.0,,107.9499969482422,0.0,0.0,107.9499969482422
330,25.0,91706,W,12544,321.0,150.0,visa,226.0,debit,337.0,87.0,,hotmail.com,,1.0,1.0,0.0,0.0,0.0,1.0,0.0,0.0,1.0,0.0,1.0,0.0,2.0,1.0,1.0,1.0,0.0,0.0,0.0,0.0,,34.5,34.5,34.5,34.5,34.5,0.0,0.0,0.0,0.0,0.0,0.0,,34.5,34.5,34.5,34.5
1702,450.0,137879,H,17524,170.0,150.0,visa,195.0,credit,325.0,87.0,,gmail.com,gmail.com,3.0,3.0,0.0,3.0,0.0,3.0,0.0,2.0,0.0,3.0,1.0,0.0,1.0,1.0,0.0,,,,,,,0.0,0.0,0.0,0.0,0.0,0.0,0.0,0.0,0.0,0.0,0.0,0.0,0.0,0.0,0.0,0.0
2753,22.537,149131,C,3154,408.0,185.0,mastercard,224.0,debit,,,,anonymous.com,anonymous.com,2.0,2.0,0.0,2.0,0.0,2.0,2.0,1.0,0.0,2.0,2.0,2.0,2.0,2.0,0.0,,,,,0.0,,0.0,0.0,0.0,0.0,0.0,0.0,0.0,0.0,0.0,0.0,0.0,,0.0,0.0,0.0,0.0
7444,39.0,239394,W,9500,321.0,150.0,visa,226.0,debit,204.0,87.0,,gmail.com,,2.0,1.0,0.0,0.0,0.0,1.0,0.0,0.0,1.0,0.0,1.0,0.0,2.0,2.0,0.0,,,,,455.0,,0.0,0.0,0.0,0.0,0.0,0.0,0.0,0.0,0.0,0.0,0.0,,0.0,0.0,0.0,0.0
5082,150.0,172477,R,14441,422.0,150.0,visa,195.0,debit,387.0,87.0,,aol.com,yahoo.com,1.0,1.0,0.0,1.0,0.0,1.0,0.0,1.0,0.0,1.0,1.0,0.0,1.0,1.0,0.0,,,,,,,0.0,0.0,0.0,0.0,0.0,0.0,0.0,0.0,0.0,0.0,0.0,0.0,0.0,0.0,0.0,0.0
107,226.0,88258,W,9500,321.0,150.0,visa,226.0,debit,204.0,87.0,113.0,aol.com,,3.0,3.0,0.0,0.0,0.0,2.0,0.0,0.0,1.0,0.0,2.0,0.0,8.0,2.0,119.0,119.0,28.0,327.0,28.0,327.0,226.0,49.0,0.0,0.0,49.0,0.0,0.0,0.0,0.0,0.0,0.0,0.0,,49.0,0.0,0.0,49.0
6625,75.0,227541,W,11533,543.0,150.0,mastercard,117.0,debit,264.0,87.0,,yahoo.com,,1.0,1.0,0.0,0.0,2.0,1.0,0.0,0.0,1.0,0.0,1.0,0.0,29.0,1.0,278.0,278.0,27.0,,,278.0,,0.0,0.0,0.0,0.0,0.0,0.0,0.0,0.0,0.0,0.0,0.0,,150.0,0.0,0.0,150.0
1691,40.0,137719,W,12544,321.0,150.0,visa,226.0,debit,476.0,87.0,,,,4.0,2.0,0.0,0.0,1.0,3.0,0.0,0.0,1.0,0.0,2.0,0.0,18.0,4.0,14.0,14.0,14.0,,,477.0,,0.0,0.0,0.0,0.0,0.0,0.0,0.0,0.0,0.0,0.0,0.0,,47.95000076293945,0.0,0.0,47.95000076293945
7894,1256.48,245411,W,10903,390.0,150.0,mastercard,224.0,debit,184.0,87.0,,yahoo.com,,1.0,1.0,0.0,0.0,1.0,1.0,0.0,0.0,1.0,0.0,1.0,0.0,1.0,1.0,0.0,,,,,0.0,,0.0,0.0,0.0,0.0,0.0,0.0,0.0,0.0,0.0,0.0,0.0,,0.0,0.0,0.0,0.0
6084,117.0,191171,W,1939,360.0,150.0,visa,166.0,debit,264.0,87.0,,,,1.0,1.0,0.0,0.0,0.0,0.0,0.0,0.0,0.0,0.0,1.0,0.0,0.0,0.0,0.0,,,,,0.0,,0.0,0.0,0.0,0.0,0.0,0.0,0.0,0.0,0.0,0.0,0.0,,0.0,0.0,0.0,0.0
9975,73.108,312578,C,16659,170.0,150.0,visa,226.0,credit,,,,gmail.com,gmail.com,1.0,1.0,0.0,1.0,0.0,1.0,1.0,1.0,0.0,1.0,1.0,1.0,1.0,1.0,0.0,,,,,0.0,,0.0,0.0,0.0,0.0,0.0,0.0,0.0,0.0,0.0,0.0,0.0,,0.0,0.0,0.0,0.0
131,444.61,88628,W,18227,583.0,150.0,visa,226.0,credit,325.0,87.0,8.0,gmail.com,,1.0,1.0,0.0,0.0,1.0,1.0,0.0,0.0,1.0,0.0,1.0,0.0,1.0,1.0,0.0,,,0.0,,0.0,0.0,0.0,0.0,0.0,0.0,0.0,0.0,0.0,0.0,0.0,0.0,0.0,,0.0,0.0,0.0,0.0
9828,45.0,306808,W,11919,170.0,150.0,mastercard,224.0,debit,325.0,87.0,9.0,aol.com,,1.0,1.0,0.0,0.0,0.0,2.0,0.0,0.0,2.0,0.0,1.0,0.0,15.0,1.0,281.0,281.0,30.0,268.0,268.0,281.0,259.0,0.0,0.0,0.0,0.0,0.0,0.0,0.0,0.0,0.0,0.0,0.0,,0.0,0.0,0.0,0.0
3033,58.95,151777,W,2392,360.0,150.0,mastercard,126.0,debit,181.0,87.0,,,,1.0,3.0,0.0,0.0,1.0,1.0,0.0,0.0,1.0,0.0,1.0,0.0,4.0,1.0,45.0,45.0,7.0,,,23.0,,0.0,0.0,0.0,0.0,0.0,0.0,0.0,0.0,0.0,0.0,0.0,,276.8500061035156,58.95000076293945,0.0,167.89999389648438
5853,50.0,183707,W,17188,321.0,150.0,visa,226.0,debit,299.0,87.0,,,,4.0,3.0,0.0,0.0,3.0,4.0,0.0,0.0,3.0,0.0,4.0,0.0,76.0,2.0,398.0,398.0,3.0,,,374.0,,0.0,0.0,0.0,0.0,0.0,0.0,0.0,0.0,0.0,0.0,0.0,,617.0,517.0,0.0,467.0
6033,75.0,189341,H,2884,490.0,150.0,visa,226.0,debit,204.0,87.0,,yahoo.com,,1.0,1.0,0.0,0.0,0.0,1.0,0.0,1.0,0.0,1.0,1.0,0.0,0.0,0.0,0.0,,,,,,,75.0,75.0,0.0,0.0,0.0,75.0,75.0,75.0,0.0,0.0,0.0,0.0,75.0,75.0,0.0,0.0
88,140.0,88021,W,18095,243.0,150.0,visa,226.0,debit,387.0,87.0,,gmail.com,,2.0,2.0,0.0,0.0,2.0,1.0,0.0,0.0,3.0,0.0,2.0,0.0,6.0,1.0,404.0,404.0,14.0,403.0,14.0,403.0,,375.8500061035156,0.0,0.0,375.8500061035156,0.0,0.0,0.0,0.0,0.0,0.0,0.0,,375.8500061035156,0.0,0.0,375.8500061035156
7220,110.0,236577,W,2772,512.0,150.0,visa,226.0,debit,143.0,87.0,,,,1.0,1.0,0.0,0.0,0.0,0.0,0.0,0.0,1.0,0.0,1.0,0.0,1.0,1.0,1.0,1.0,0.0,,,1.0,,0.0,0.0,0.0,0.0,0.0,0.0,0.0,0.0,0.0,0.0,0.0,,406.0,406.0,34.0,34.0
1862,65.0,139965,W,1764,158.0,150.0,visa,226.0,debit,315.0,87.0,,sbcglobal.net,,2.0,2.0,0.0,0.0,1.0,3.0,0.0,0.0,2.0,0.0,2.0,0.0,38.0,2.0,465.0,465.0,16.0,273.0,16.0,465.0,,100.0,0.0,0.0,100.0,0.0,0.0,0.0,0.0,0.0,0.0,0.0,,100.0,0.0,0.0,100.0
9920,200.0,310643,W,13809,583.0,150.0,visa,226.0,credit,315.0,87.0,,,,1.0,1.0,0.0,0.0,0.0,0.0,0.0,0.0,1.0,0.0,1.0,0.0,6.0,1.0,397.0,64.0,0.0,,,397.0,,200.0,200.0,200.0,200.0,200.0,0.0,0.0,0.0,0.0,0.0,0.0,,500.0,200.0,200.0,500.0
6634,40.0,227734,W,5017,432.0,150.0,visa,226.0,debit,330.0,87.0,,yahoo.com,,7.0,11.0,0.0,0.0,3.0,3.0,0.0,0.0,6.0,0.0,8.0,0.0,32.0,6.0,229.0,194.0,0.0,229.0,0.0,194.0,,80.0,80.0,0.0,0.0,0.0,0.0,0.0,0.0,80.0,80.0,80.0,,348.9700012207031,80.0,0.0,268.97000122070307
582,30.0,96579,S,1893,514.0,150.0,mastercard,224.0,credit,330.0,87.0,,,anonymous.com,1.0,1.0,0.0,1.0,0.0,0.0,0.0,1.0,0.0,1.0,1.0,0.0,0.0,0.0,0.0,,,,,,,0.0,0.0,0.0,0.0,0.0,0.0,0.0,0.0,0.0,0.0,0.0,0.0,0.0,0.0,0.0,0.0
3519,412.47,156310,W,12501,490.0,150.0,visa,226.0,debit,204.0,87.0,,,,1.0,1.0,0.0,0.0,1.0,0.0,0.0,0.0,1.0,0.0,1.0,0.0,1.0,1.0,0.0,,,,,0.0,,0.0,0.0,0.0,0.0,0.0,0.0,0.0,0.0,0.0,0.0,0.0,,0.0,0.0,0.0,0.0
8799,100.0,258145,W,17108,404.0,150.0,mastercard,102.0,credit,299.0,87.0,0.0,att.net,,3.0,1.0,0.0,0.0,0.0,2.0,0.0,0.0,2.0,0.0,1.0,0.0,22.0,3.0,87.0,87.0,4.0,,,478.0,409.0,0.0,0.0,0.0,0.0,0.0,0.0,0.0,0.0,0.0,0.0,0.0,,490.0,150.0,0.0,490.0
6608,228.95,227338,W,11725,481.0,150.0,mastercard,102.0,credit,170.0,87.0,,hotmail.com,,3.0,2.0,0.0,0.0,1.0,2.0,0.0,0.0,3.0,0.0,2.0,0.0,2.0,2.0,0.0,,,,,0.0,,0.0,0.0,0.0,0.0,0.0,0.0,0.0,0.0,0.0,0.0,0.0,,0.0,0.0,0.0,0.0
3393,66.341,155120,C,13095,562.0,150.0,mastercard,197.0,debit,,,,gmail.com,gmail.com,1.0,2.0,0.0,1.0,0.0,1.0,1.0,1.0,0.0,1.0,1.0,1.0,2.0,1.0,0.0,0.0,0.0,,,0.0,,0.0,0.0,0.0,0.0,0.0,0.0,0.0,0.0,0.0,0.0,0.0,,29.54540061950684,29.54540061950684,29.54540061950684,29.54540061950684
9873,50.0,309191,W,8231,555.0,150.0,visa,226.0,debit,337.0,87.0,,gmail.com,,2.0,2.0,0.0,0.0,0.0,3.0,0.0,0.0,2.0,0.0,2.0,0.0,16.0,2.0,132.0,132.0,13.0,132.0,3.0,108.0,,429.0,250.0,0.0,429.0,250.0,0.0,0.0,0.0,0.0,0.0,0.0,,75.0,0.0,0.0,75.0
1156,40.0,124070,W,10838,143.0,150.0,visa,226.0,debit,205.0,87.0,,ymail.com,,42.0,46.0,0.0,0.0,26.0,27.0,0.0,0.0,22.0,0.0,22.0,0.0,191.0,38.0,60.0,60.0,5.0,272.0,5.0,434.0,,200.8000030517578,20.0,0.0,200.8000030517578,20.0,0.0,0.0,0.0,0.0,0.0,0.0,,142.85000610351562,20.0,0.0,142.85000610351562
2236,482.67,144172,W,15066,170.0,150.0,mastercard,102.0,credit,226.0,87.0,,gmail.com,,1.0,1.0,0.0,0.0,1.0,1.0,0.0,0.0,1.0,0.0,2.0,0.0,0.0,0.0,0.0,,0.0,,,0.0,,495.1499938964844,495.1499938964844,0.0,0.0,0.0,0.0,0.0,0.0,495.1499938964844,495.1499938964844,495.1499938964844,,495.1499938964844,495.1499938964844,0.0,0.0
5459,87.0,176591,W,9480,476.0,150.0,visa,226.0,debit,476.0,87.0,,,,1.0,1.0,0.0,0.0,0.0,1.0,0.0,0.0,1.0,0.0,1.0,0.0,0.0,0.0,0.0,,0.0,,,0.0,,92.0,92.0,0.0,0.0,0.0,92.0,92.0,92.0,0.0,0.0,0.0,,92.0,92.0,0.0,0.0
1224,171.0,128172,W,2263,174.0,150.0,visa,226.0,debit,337.0,87.0,,gmail.com,,4.0,6.0,0.0,0.0,0.0,1.0,0.0,0.0,6.0,0.0,2.0,0.0,13.0,2.0,137.0,137.0,1.0,9.0,0.0,1.0,,342.0,342.0,0.0,0.0,0.0,0.0,342.0,342.0,0.0,0.0,0.0,,326.5,171.0,0.0,0.0
6940,74.437,232712,C,3154,408.0,185.0,mastercard,224.0,debit,,,,gmail.com,gmail.com,2.0,4.0,0.0,1.0,0.0,1.0,1.0,1.0,0.0,1.0,1.0,1.0,2.0,2.0,0.0,,,,,0.0,,0.0,0.0,0.0,0.0,0.0,0.0,0.0,0.0,0.0,0.0,0.0,,0.0,0.0,0.0,0.0
9275,150.0,266405,R,5836,399.0,150.0,american express,146.0,credit,204.0,87.0,,anonymous.com,comcast.net,1.0,1.0,0.0,1.0,0.0,1.0,0.0,1.0,0.0,1.0,1.0,0.0,1.0,1.0,0.0,,,,,,,150.0,150.0,0.0,0.0,0.0,150.0,150.0,150.0,0.0,0.0,0.0,0.0,150.0,150.0,0.0,0.0
8946,77.0,260985,W,17400,174.0,150.0,visa,226.0,debit,123.0,87.0,1.0,gmail.com,,2.0,1.0,0.0,0.0,0.0,4.0,0.0,0.0,2.0,0.0,1.0,0.0,1.0,1.0,38.0,,37.0,,,430.0,,0.0,0.0,0.0,0.0,0.0,0.0,0.0,0.0,0.0,0.0,0.0,,0.0,0.0,0.0,0.0
2908,311.95,150705,W,11839,490.0,150.0,visa,226.0,debit,269.0,87.0,,,,1.0,1.0,0.0,0.0,1.0,0.0,0.0,0.0,2.0,0.0,1.0,0.0,23.0,1.0,455.0,455.0,28.0,,,455.0,,0.0,0.0,0.0,0.0,0.0,0.0,0.0,0.0,0.0,0.0,0.0,,275.0,0.0,0.0,275.0
5414,50.0,176055,H,11207,361.0,150.0,visa,226.0,debit,330.0,87.0,,gmail.com,,1.0,1.0,0.0,0.0,0.0,1.0,0.0,1.0,0.0,1.0,1.0,0.0,1.0,1.0,0.0,,,,,,,0.0,0.0,0.0,0.0,0.0,0.0,0.0,0.0,0.0,0.0,0.0,0.0,0.0,0.0,0.0,0.0
1795,59.0,139146,W,7919,194.0,150.0,mastercard,202.0,debit,251.0,87.0,,gmail.com,,2.0,1.0,0.0,0.0,0.0,1.0,0.0,0.0,4.0,0.0,1.0,0.0,1.0,1.0,29.0,,13.0,0.0,,206.0,,0.0,0.0,0.0,0.0,0.0,0.0,0.0,0.0,0.0,0.0,0.0,,1399.0,0.0,0.0,0.0
9587,8.217,276981,C,14260,500.0,185.0,mastercard,224.0,credit,,,,gmail.com,gmail.com,5.0,9.0,0.0,1.0,0.0,1.0,1.0,3.0,0.0,9.0,4.0,4.0,8.0,4.0,0.0,,,,,0.0,,0.0,0.0,0.0,0.0,0.0,0.0,0.0,0.0,0.0,0.0,0.0,,0.0,0.0,0.0,0.0
9308,75.0,266877,W,7676,512.0,150.0,visa,226.0,debit,299.0,87.0,,gmail.com,,1.0,2.0,0.0,0.0,0.0,1.0,0.0,0.0,1.0,0.0,1.0,0.0,19.0,1.0,128.0,128.0,0.0,,,68.0,,177.0,177.0,0.0,0.0,0.0,0.0,0.0,0.0,177.0,177.0,177.0,,407.0,227.0,0.0,230.0
1315,287.5,130916,W,7919,194.0,150.0,mastercard,202.0,debit,299.0,87.0,70.0,yahoo.com,,3.0,2.0,0.0,0.0,0.0,4.0,0.0,0.0,2.0,0.0,4.0,0.0,6.0,2.0,25.0,25.0,0.0,22.0,22.0,25.0,22.0,0.0,0.0,0.0,0.0,0.0,0.0,0.0,0.0,0.0,0.0,0.0,,527.0,315.0,0.0,212.0
8849,103.95,259090,W,7292,262.0,150.0,visa,226.0,debit,272.0,87.0,,gmail.com,,4.0,1.0,0.0,0.0,1.0,2.0,0.0,0.0,1.0,0.0,1.0,0.0,16.0,4.0,182.0,182.0,31.0,,,183.0,,0.0,0.0,0.0,0.0,0.0,0.0,0.0,0.0,0.0,0.0,0.0,,0.0,0.0,0.0,0.0
6200,29.0,199166,W,17399,111.0,150.0,mastercard,224.0,debit,204.0,87.0,1.0,gmail.com,,3.0,3.0,0.0,0.0,0.0,4.0,0.0,0.0,2.0,0.0,1.0,0.0,5.0,3.0,0.0,,,412.0,18.0,18.0,471.0,0.0,0.0,0.0,0.0,0.0,0.0,0.0,0.0,0.0,0.0,0.0,,0.0,0.0,0.0,0.0
267,29.0,90593,W,12577,268.0,150.0,visa,166.0,debit,325.0,87.0,,,,2.0,1.0,0.0,0.0,0.0,4.0,0.0,0.0,6.0,0.0,1.0,0.0,7.0,2.0,31.0,31.0,0.0,,,125.0,,290.0,290.0,0.0,244.0,244.0,46.0,46.0,46.0,0.0,0.0,0.0,,290.0,290.0,0.0,244.0
9088,108.5,263270,W,10776,512.0,150.0,visa,166.0,debit,498.0,87.0,,gmail.com,,1.0,1.0,0.0,0.0,0.0,1.0,0.0,0.0,0.0,0.0,1.0,0.0,1.0,1.0,0.0,,,,,0.0,,0.0,0.0,0.0,0.0,0.0,0.0,0.0,0.0,0.0,0.0,0.0,,0.0,0.0,0.0,0.0
6261,554.0,211838,W,7919,194.0,150.0,mastercard,166.0,debit,204.0,87.0,136.0,,,2.0,2.0,0.0,0.0,0.0,1.0,0.0,0.0,1.0,0.0,1.0,0.0,1.0,1.0,1.0,,1.0,,,328.0,330.0,0.0,0.0,0.0,0.0,0.0,0.0,0.0,0.0,0.0,0.0,0.0,,1364.0,1364.0,0.0,0.0
6552,107.95,226334,W,11207,361.0,150.0,visa,226.0,debit,325.0,87.0,,gmail.com,,115.0,104.0,0.0,0.0,143.0,90.0,0.0,0.0,68.0,0.0,85.0,0.0,428.0,97.0,107.0,107.0,13.0,13.0,13.0,24.0,,248.88999938964844,0.0,0.0,248.88999938964844,0.0,0.0,0.0,0.0,0.0,0.0,0.0,,248.88999938964844,0.0,0.0,248.88999938964844
4337,209.95,164536,W,4663,490.0,150.0,visa,166.0,debit,143.0,87.0,737.0,,,1.0,1.0,0.0,0.0,1.0,0.0,0.0,0.0,1.0,0.0,1.0,0.0,1.0,1.0,0.0,,,,,0.0,,0.0,0.0,0.0,0.0,0.0,0.0,0.0,0.0,0.0,0.0,0.0,,0.0,0.0,0.0,0.0
7492,77.0,239937,W,6968,596.0,150.0,mastercard,224.0,debit,204.0,87.0,,yahoo.com,,3.0,1.0,0.0,0.0,0.0,1.0,0.0,0.0,1.0,0.0,1.0,0.0,0.0,0.0,0.0,,,,,362.0,,0.0,0.0,0.0,0.0,0.0,0.0,0.0,0.0,0.0,0.0,0.0,,0.0,0.0,0.0,0.0
6080,117.0,190920,W,1444,490.0,150.0,visa,166.0,debit,299.0,87.0,2.0,gmail.com,,3.0,2.0,0.0,0.0,0.0,1.0,0.0,0.0,1.0,0.0,1.0,0.0,1.0,1.0,0.0,,,36.0,36.0,440.0,36.0,0.0,0.0,0.0,0.0,0.0,0.0,0.0,0.0,0.0,0.0,0.0,,0.0,0.0,0.0,0.0
1516,100.0,134835,W,12544,321.0,150.0,visa,226.0,debit,184.0,87.0,,verizon.net,,1.0,1.0,0.0,0.0,0.0,1.0,0.0,0.0,1.0,0.0,1.0,0.0,4.0,1.0,88.0,88.0,29.0,88.0,29.0,88.0,,117.0,0.0,0.0,117.0,0.0,0.0,0.0,0.0,0.0,0.0,0.0,,117.0,0.0,0.0,117.0
1558,59.0,135603,W,7919,194.0,150.0,mastercard,202.0,debit,325.0,87.0,,,,2.0,1.0,0.0,0.0,0.0,0.0,0.0,0.0,1.0,0.0,1.0,0.0,3.0,2.0,0.0,,,,,242.0,,0.0,0.0,0.0,0.0,0.0,0.0,0.0,0.0,0.0,0.0,0.0,,0.0,0.0,0.0,0.0
7695,250.0,242986,R,5219,399.0,150.0,american express,146.0,credit,472.0,87.0,,hotmail.com,gmail.com,1.0,1.0,0.0,1.0,0.0,1.0,0.0,1.0,0.0,1.0,1.0,0.0,1.0,1.0,0.0,,,,,,,0.0,0.0,0.0,0.0,0.0,0.0,0.0,0.0,0.0,0.0,0.0,0.0,0.0,0.0,0.0,0.0
5196,83.742,173748,C,4504,500.0,185.0,mastercard,219.0,credit,,,,hotmail.com,hotmail.com,25.0,18.0,0.0,4.0,0.0,4.0,4.0,21.0,0.0,8.0,10.0,10.0,2.0,2.0,0.0,,,,,0.0,,0.0,0.0,0.0,0.0,0.0,0.0,0.0,0.0,0.0,0.0,0.0,,0.0,0.0,0.0,0.0
4477,50.0,166010,W,7919,194.0,150.0,mastercard,166.0,debit,327.0,87.0,,gmail.com,,1.0,1.0,0.0,0.0,0.0,1.0,0.0,0.0,1.0,0.0,1.0,0.0,8.0,1.0,245.0,245.0,91.0,,,245.0,,0.0,0.0,0.0,0.0,0.0,0.0,0.0,0.0,0.0,0.0,0.0,,0.0,0.0,0.0,0.0
4695,100.0,168287,R,2965,433.0,150.0,visa,226.0,credit,204.0,87.0,,gmail.com,gmail.com,1.0,1.0,0.0,1.0,0.0,1.0,0.0,0.0,0.0,0.0,1.0,0.0,1.0,1.0,0.0,,,0.0,,,,0.0,0.0,0.0,0.0,0.0,0.0,0.0,0.0,0.0,0.0,0.0,0.0,0.0,0.0,0.0,0.0
3404,523.28,155192,W,2616,327.0,150.0,discover,102.0,credit,191.0,87.0,,,,1.0,1.0,0.0,0.0,1.0,0.0,0.0,0.0,0.0,0.0,1.0,0.0,1.0,1.0,0.0,,,,,442.0,,0.0,0.0,0.0,0.0,0.0,0.0,0.0,0.0,0.0,0.0,0.0,,0.0,0.0,0.0,0.0
8729,100.0,257124,W,16659,170.0,150.0,visa,226.0,credit,325.0,87.0,,gmail.com,,1.0,1.0,0.0,0.0,0.0,1.0,0.0,0.0,1.0,0.0,1.0,0.0,3.0,1.0,8.0,8.0,7.0,,,8.0,,0.0,0.0,0.0,0.0,0.0,0.0,0.0,0.0,0.0,0.0,0.0,,118.0,0.0,0.0,118.0
7493,35.95,239941,W,2646,449.0,150.0,visa,166.0,debit,184.0,87.0,394.0,gmail.com,,108.0,96.0,0.0,0.0,97.0,79.0,0.0,0.0,65.0,0.0,75.0,0.0,445.0,84.0,0.0,,,394.0,394.0,0.0,0.0,0.0,0.0,0.0,0.0,0.0,0.0,0.0,0.0,0.0,0.0,0.0,,0.0,0.0,0.0,0.0
35,107.95,87140,W,9766,360.0,150.0,visa,226.0,debit,226.0,87.0,664.0,yahoo.com,,3.0,2.0,0.0,0.0,1.0,1.0,0.0,0.0,3.0,0.0,2.0,0.0,4.0,2.0,201.0,201.0,86.0,290.0,200.0,290.0,0.0,0.0,0.0,0.0,0.0,0.0,0.0,0.0,0.0,0.0,0.0,0.0,,0.0,0.0,0.0,0.0
5627,29.486,179043,C,16578,545.0,185.0,visa,226.0,credit,,,,outlook.es,outlook.es,2.0,5.0,0.0,2.0,0.0,2.0,2.0,3.0,0.0,3.0,3.0,3.0,2.0,1.0,114.0,114.0,114.0,,,0.0,,0.0,0.0,0.0,0.0,0.0,0.0,0.0,0.0,0.0,0.0,0.0,,0.0,0.0,0.0,0.0
8214,117.0,249571,W,12695,490.0,150.0,visa,226.0,debit,325.0,87.0,,gmail.com,,1.0,1.0,0.0,0.0,0.0,1.0,0.0,0.0,1.0,0.0,1.0,0.0,1.0,1.0,0.0,,,,,0.0,,0.0,0.0,0.0,0.0,0.0,0.0,0.0,0.0,0.0,0.0,0.0,,0.0,0.0,0.0,0.0
6027,5.0,189017,S,10616,583.0,150.0,visa,226.0,credit,299.0,87.0,,,gmail.com,5.0,7.0,0.0,1.0,0.0,0.0,0.0,10.0,0.0,14.0,3.0,0.0,81.0,5.0,353.0,353.0,1.0,,,,,307.0,34.0,5.0,299.0,34.0,0.0,0.0,0.0,0.0,8.0,0.0,0.0,267.0,34.0,5.0,267.0
3317,100.0,154407,W,17074,555.0,150.0,visa,226.0,debit,181.0,87.0,,,,3.0,3.0,0.0,0.0,2.0,1.0,0.0,0.0,2.0,0.0,2.0,0.0,9.0,3.0,65.0,65.0,65.0,,,316.0,,0.0,0.0,0.0,0.0,0.0,0.0,0.0,0.0,0.0,0.0,0.0,,0.0,0.0,0.0,0.0
8517,57.95,254143,W,17400,174.0,150.0,visa,226.0,debit,123.0,87.0,0.0,gmail.com,,4.0,3.0,0.0,0.0,1.0,2.0,0.0,0.0,2.0,0.0,3.0,0.0,5.0,4.0,0.0,,,,,41.0,,0.0,0.0,0.0,0.0,0.0,0.0,0.0,0.0,0.0,0.0,0.0,,0.0,0.0,0.0,0.0
8000,50.0,246624,H,9370,321.0,150.0,visa,226.0,credit,310.0,87.0,,aol.com,anonymous.com,1.0,1.0,0.0,1.0,0.0,1.0,0.0,1.0,0.0,1.0,1.0,0.0,1.0,1.0,0.0,,,,,,,0.0,0.0,0.0,0.0,0.0,0.0,0.0,0.0,0.0,0.0,0.0,0.0,0.0,0.0,0.0,0.0
3400,70.0,155169,W,1039,391.0,150.0,visa,166.0,debit,272.0,87.0,,gmail.com,,5.0,4.0,0.0,0.0,0.0,2.0,0.0,0.0,1.0,0.0,1.0,0.0,25.0,5.0,154.0,154.0,30.0,391.0,30.0,30.0,,0.0,0.0,0.0,0.0,0.0,0.0,0.0,0.0,0.0,0.0,0.0,,0.0,0.0,0.0,0.0
8714,15.0,256823,W,1444,490.0,150.0,visa,166.0,debit,315.0,87.0,,gmail.com,,3.0,4.0,0.0,0.0,0.0,3.0,0.0,0.0,1.0,0.0,3.0,0.0,8.0,3.0,1.0,1.0,1.0,,,228.0,,302.0,302.0,0.0,151.0,151.0,0.0,0.0,0.0,0.0,151.0,151.0,,453.0,453.0,0.0,151.0
8187,25.0,249182,H,12932,361.0,150.0,visa,226.0,debit,126.0,87.0,,verizon.net,,1.0,1.0,0.0,0.0,0.0,1.0,0.0,1.0,0.0,1.0,1.0,0.0,1.0,1.0,0.0,,,,,,,0.0,0.0,0.0,0.0,0.0,0.0,0.0,0.0,0.0,0.0,0.0,0.0,0.0,0.0,0.0,0.0
3251,30.0,153761,W,4121,361.0,150.0,visa,226.0,credit,476.0,87.0,,hotmail.com,,1.0,1.0,0.0,0.0,0.0,1.0,0.0,0.0,1.0,0.0,1.0,0.0,3.0,1.0,9.0,9.0,1.0,,,9.0,,0.0,0.0,0.0,0.0,0.0,0.0,0.0,0.0,0.0,0.0,0.0,,355.5,130.0,30.0,238.5
5053,87.0,172172,W,12501,490.0,150.0,visa,226.0,debit,337.0,87.0,,gmail.com,,1.0,2.0,0.0,0.0,0.0,1.0,0.0,0.0,2.0,0.0,3.0,0.0,53.0,1.0,248.0,248.0,8.0,249.0,8.0,208.0,,0.0,0.0,0.0,0.0,0.0,0.0,0.0,0.0,0.0,0.0,0.0,,130.0,0.0,0.0,130.0
9485,50.0,271915,W,15497,490.0,150.0,visa,226.0,debit,299.0,87.0,,yahoo.com,,1.0,1.0,0.0,0.0,0.0,1.0,0.0,0.0,1.0,0.0,1.0,0.0,5.0,1.0,153.0,153.0,92.0,152.0,92.0,152.0,,0.0,0.0,0.0,0.0,0.0,0.0,0.0,0.0,0.0,0.0,0.0,,0.0,0.0,0.0,0.0
8762,50.0,257629,W,9527,321.0,150.0,visa,226.0,debit,428.0,87.0,,yahoo.com,,1.0,2.0,0.0,0.0,0.0,1.0,0.0,0.0,2.0,0.0,1.0,0.0,28.0,1.0,320.0,320.0,0.0,,,98.0,,290.0,290.0,0.0,190.0,190.0,100.0,100.0,100.0,0.0,0.0,0.0,,1131.0,310.0,0.0,1031.0
4067,309.95,161937,W,7508,321.0,150.0,visa,226.0,debit,299.0,87.0,15.0,gmail.com,,3.0,2.0,0.0,0.0,2.0,2.0,0.0,0.0,1.0,0.0,1.0,0.0,17.0,3.0,146.0,105.0,28.0,,,106.0,,0.0,0.0,0.0,0.0,0.0,0.0,0.0,0.0,0.0,0.0,0.0,,209.9499969482422,0.0,0.0,209.9499969482422
252,48.638,90366,C,2115,415.0,185.0,mastercard,195.0,credit,,,,anonymous.com,anonymous.com,1.0,2.0,0.0,1.0,0.0,1.0,1.0,1.0,0.0,1.0,1.0,1.0,1.0,1.0,0.0,0.0,0.0,0.0,0.0,0.0,,0.0,0.0,0.0,0.0,0.0,0.0,0.0,0.0,0.0,0.0,0.0,,8.640600204467772,8.640600204467772,8.640600204467772,8.640600204467772
5872,14.985,184254,C,3154,408.0,185.0,mastercard,224.0,debit,,,,hotmail.com,hotmail.com,1.0,1.0,0.0,1.0,0.0,1.0,1.0,1.0,0.0,0.0,1.0,1.0,0.0,0.0,0.0,,,0.0,,0.0,,0.0,0.0,0.0,0.0,0.0,0.0,0.0,0.0,0.0,0.0,0.0,,0.0,0.0,0.0,0.0
7522,213.0,240460,W,4030,174.0,150.0,visa,226.0,debit,126.0,87.0,,gmail.com,,1.0,1.0,0.0,0.0,0.0,1.0,0.0,0.0,0.0,0.0,1.0,0.0,1.0,1.0,0.0,,,,,0.0,,0.0,0.0,0.0,0.0,0.0,0.0,0.0,0.0,0.0,0.0,0.0,,0.0,0.0,0.0,0.0
7728,100.0,243364,R,7148,399.0,150.0,american express,133.0,credit,264.0,87.0,,gmail.com,gmail.com,1.0,1.0,0.0,1.0,0.0,1.0,0.0,1.0,0.0,1.0,0.0,0.0,0.0,0.0,0.0,,,,,,,0.0,0.0,0.0,0.0,0.0,0.0,0.0,0.0,0.0,0.0,0.0,0.0,0.0,0.0,0.0,0.0
1190,275.99,126457,W,17064,302.0,150.0,visa,226.0,debit,226.0,87.0,6.0,gmail.com,,1.0,1.0,0.0,0.0,0.0,1.0,0.0,0.0,1.0,0.0,1.0,0.0,1.0,1.0,0.0,,,0.0,,0.0,0.0,0.0,0.0,0.0,0.0,0.0,0.0,0.0,0.0,0.0,0.0,0.0,,0.0,0.0,0.0,0.0
6765,200.0,230246,W,9500,321.0,150.0,visa,226.0,debit,204.0,87.0,,gmail.com,,3.0,4.0,0.0,0.0,0.0,1.0,0.0,0.0,2.0,0.0,3.0,0.0,19.0,3.0,396.0,396.0,11.0,,,396.0,,0.0,0.0,0.0,0.0,0.0,0.0,0.0,0.0,0.0,0.0,0.0,,450.0,0.0,0.0,450.0
8069,77.0,247507,W,11986,369.0,150.0,mastercard,224.0,debit,337.0,87.0,4.0,aol.com,,4.0,5.0,0.0,0.0,0.0,2.0,0.0,0.0,1.0,0.0,2.0,0.0,9.0,3.0,123.0,123.0,1.0,408.0,61.0,67.0,378.0,77.0,77.0,0.0,0.0,0.0,0.0,0.0,0.0,0.0,77.0,77.0,,77.0,77.0,0.0,0.0
621,25.0,97662,H,13844,583.0,150.0,visa,226.0,credit,264.0,87.0,,yahoo.com,,1.0,1.0,0.0,0.0,0.0,1.0,0.0,1.0,0.0,1.0,1.0,0.0,1.0,1.0,0.0,,,,,,,0.0,0.0,0.0,0.0,0.0,0.0,0.0,0.0,0.0,0.0,0.0,0.0,0.0,0.0,0.0,0.0
311,50.0,91343,H,16984,399.0,150.0,american express,236.0,credit,264.0,87.0,,juno.com,juno.com,1.0,1.0,0.0,1.0,0.0,1.0,0.0,1.0,0.0,1.0,1.0,0.0,1.0,1.0,0.0,,,,,,,0.0,0.0,0.0,0.0,0.0,0.0,0.0,0.0,0.0,0.0,0.0,0.0,0.0,0.0,0.0,0.0
7770,34.0,243804,W,1546,111.0,150.0,visa,226.0,debit,191.0,87.0,,gmail.com,,1.0,2.0,0.0,0.0,0.0,1.0,0.0,0.0,3.0,0.0,1.0,0.0,23.0,1.0,151.0,151.0,2.0,151.0,2.0,5.0,,0.0,0.0,0.0,0.0,0.0,0.0,0.0,0.0,0.0,0.0,0.0,,1545.5,589.0,0.0,993.5
7436,17.401,239232,C,10568,204.0,185.0,visa,226.0,credit,,,,hotmail.com,hotmail.com,1.0,2.0,0.0,2.0,0.0,2.0,2.0,0.0,0.0,0.0,2.0,2.0,2.0,1.0,273.0,273.0,273.0,,,0.0,,0.0,0.0,0.0,0.0,0.0,0.0,0.0,0.0,0.0,0.0,0.0,,0.0,0.0,0.0,0.0
8358,49.0,251903,W,7664,490.0,150.0,visa,226.0,debit,264.0,87.0,24.0,,,2.0,1.0,0.0,0.0,0.0,1.0,0.0,0.0,1.0,0.0,2.0,0.0,16.0,2.0,410.0,343.0,11.0,,,410.0,222.0,0.0,0.0,0.0,0.0,0.0,0.0,0.0,0.0,0.0,0.0,0.0,,34.0,0.0,0.0,34.0
8283,43.97,250875,W,8868,205.0,150.0,visa,166.0,debit,492.0,87.0,,gmail.com,,1.0,1.0,0.0,0.0,1.0,1.0,0.0,0.0,1.0,0.0,1.0,0.0,12.0,1.0,178.0,178.0,14.0,178.0,14.0,178.0,,0.0,0.0,0.0,0.0,0.0,0.0,0.0,0.0,0.0,0.0,0.0,,39.0,0.0,0.0,39.0
3383,25.95,154992,W,12686,215.0,150.0,visa,226.0,debit,327.0,87.0,1.0,yahoo.com,,2.0,1.0,0.0,0.0,1.0,4.0,0.0,0.0,1.0,0.0,1.0,0.0,7.0,2.0,288.0,288.0,76.0,452.0,76.0,481.0,289.0,0.0,0.0,0.0,0.0,0.0,0.0,0.0,0.0,0.0,0.0,0.0,,0.0,0.0,0.0,0.0
6516,100.0,225628,H,4201,369.0,150.0,mastercard,224.0,debit,181.0,87.0,,charter.net,,1.0,1.0,0.0,0.0,0.0,1.0,0.0,1.0,0.0,1.0,1.0,0.0,1.0,1.0,0.0,,,,,,,0.0,0.0,0.0,0.0,0.0,0.0,0.0,0.0,0.0,0.0,0.0,0.0,0.0,0.0,0.0,0.0
8362,199.95,251970,W,17188,321.0,150.0,visa,226.0,debit,264.0,87.0,9.0,gmail.com,,4.0,3.0,0.0,0.0,5.0,2.0,0.0,0.0,3.0,0.0,3.0,0.0,12.0,4.0,146.0,146.0,75.0,163.0,75.0,163.0,163.0,0.0,0.0,0.0,0.0,0.0,0.0,0.0,0.0,0.0,0.0,0.0,,0.0,0.0,0.0,0.0
7093,100.0,234879,W,12839,321.0,150.0,visa,226.0,debit,469.0,87.0,4.0,gmail.com,,1.0,2.0,0.0,0.0,0.0,1.0,0.0,0.0,1.0,0.0,1.0,0.0,5.0,1.0,364.0,364.0,153.0,365.0,153.0,244.0,288.0,0.0,0.0,0.0,0.0,0.0,0.0,0.0,0.0,0.0,0.0,0.0,,0.0,0.0,0.0,0.0
33,40.0,87078,W,8613,272.0,150.0,mastercard,224.0,debit,264.0,87.0,,yahoo.com,,2.0,2.0,0.0,0.0,0.0,1.0,0.0,0.0,2.0,0.0,2.0,0.0,6.0,2.0,121.0,121.0,121.0,400.0,121.0,121.0,,0.0,0.0,0.0,0.0,0.0,0.0,0.0,0.0,0.0,0.0,0.0,,0.0,0.0,0.0,0.0
8881,50.0,259694,H,11106,100.0,150.0,visa,226.0,credit,299.0,87.0,,msn.com,,1.0,1.0,0.0,0.0,0.0,1.0,0.0,1.0,0.0,1.0,1.0,0.0,1.0,1.0,0.0,,,,,,,0.0,0.0,0.0,0.0,0.0,0.0,0.0,0.0,0.0,0.0,0.0,0.0,0.0,0.0,0.0,0.0
7749,31.479,243567,C,6751,289.0,185.0,visa,138.0,debit,,,,anonymous.com,anonymous.com,1.0,1.0,0.0,1.0,0.0,1.0,1.0,1.0,0.0,0.0,1.0,1.0,0.0,0.0,0.0,,,,,0.0,,0.0,0.0,0.0,0.0,0.0,0.0,0.0,0.0,0.0,0.0,0.0,,0.0,0.0,0.0,0.0
568,49.0,96451,W,17188,321.0,150.0,visa,226.0,debit,299.0,87.0,2.0,yahoo.com,,1.0,1.0,0.0,0.0,0.0,1.0,0.0,0.0,1.0,0.0,1.0,0.0,2.0,1.0,44.0,44.0,2.0,44.0,2.0,44.0,44.0,0.0,0.0,0.0,0.0,0.0,0.0,0.0,0.0,0.0,0.0,0.0,,157.0,157.0,0.0,59.0
1347,160.95,131799,W,11207,361.0,150.0,visa,226.0,debit,204.0,87.0,5.0,,,1.0,3.0,0.0,0.0,1.0,0.0,0.0,0.0,1.0,0.0,1.0,0.0,3.0,1.0,25.0,25.0,22.0,,,0.0,26.0,0.0,0.0,0.0,0.0,0.0,0.0,0.0,0.0,0.0,0.0,0.0,,167.89999389648438,0.0,0.0,167.89999389648438
735,150.0,100559,W,16075,514.0,150.0,mastercard,102.0,credit,315.0,87.0,,,,3.0,4.0,0.0,0.0,2.0,0.0,0.0,0.0,1.0,0.0,1.0,0.0,10.0,3.0,62.0,62.0,62.0,,,62.0,,0.0,0.0,0.0,0.0,0.0,0.0,0.0,0.0,0.0,0.0,0.0,,0.0,0.0,0.0,0.0
7887,50.0,245349,H,7063,170.0,150.0,mastercard,102.0,credit,299.0,87.0,,sbcglobal.net,,1.0,1.0,0.0,0.0,0.0,1.0,0.0,1.0,0.0,1.0,1.0,0.0,1.0,1.0,0.0,,,,,,,0.0,0.0,0.0,0.0,0.0,0.0,0.0,0.0,0.0,0.0,0.0,0.0,0.0,0.0,0.0,0.0
543,100.0,95859,H,8034,555.0,150.0,visa,226.0,debit,225.0,87.0,,msn.com,,1.0,1.0,0.0,0.0,0.0,1.0,0.0,1.0,0.0,1.0,1.0,0.0,1.0,1.0,0.0,,,,,,,0.0,0.0,0.0,0.0,0.0,0.0,0.0,0.0,0.0,0.0,0.0,0.0,0.0,0.0,0.0,0.0
5559,54.5,178085,W,9500,321.0,150.0,visa,226.0,debit,204.0,87.0,1.0,,,1.0,1.0,0.0,0.0,0.0,0.0,0.0,0.0,1.0,0.0,1.0,0.0,1.0,1.0,0.0,,,,,0.0,0.0,0.0,0.0,0.0,0.0,0.0,0.0,0.0,0.0,0.0,0.0,0.0,,0.0,0.0,0.0,0.0
4684,53.97,168164,W,7664,490.0,150.0,visa,226.0,debit,264.0,87.0,,yahoo.com,,140.0,119.0,0.0,0.0,197.0,98.0,0.0,0.0,84.0,0.0,100.0,0.0,631.0,123.0,412.0,412.0,30.0,400.0,9.0,400.0,,0.0,0.0,0.0,0.0,0.0,0.0,0.0,0.0,0.0,0.0,0.0,,0.0,0.0,0.0,0.0
7399,53.97,238621,W,15416,555.0,150.0,visa,226.0,debit,181.0,87.0,,,,8.0,8.0,0.0,0.0,2.0,11.0,0.0,0.0,6.0,0.0,5.0,0.0,40.0,6.0,182.0,182.0,1.0,,,82.0,,100.0,100.0,0.0,100.0,100.0,0.0,0.0,0.0,0.0,0.0,0.0,,1056.3199462890625,100.0,0.0,593.8499755859375
4475,100.0,165990,H,18196,514.0,143.0,visa,162.0,credit,204.0,87.0,,yahoo.com,yahoo.com,1.0,1.0,0.0,1.0,0.0,1.0,0.0,1.0,0.0,1.0,1.0,0.0,0.0,0.0,0.0,,,,,,,0.0,0.0,0.0,0.0,0.0,0.0,0.0,0.0,0.0,0.0,0.0,0.0,0.0,0.0,0.0,0.0
1026,75.0,113127,W,7919,194.0,150.0,mastercard,202.0,debit,203.0,87.0,3.0,gmail.com,,5.0,2.0,0.0,0.0,1.0,2.0,0.0,0.0,3.0,0.0,2.0,0.0,13.0,3.0,275.0,275.0,30.0,275.0,30.0,275.0,253.0,0.0,0.0,0.0,0.0,0.0,0.0,0.0,0.0,0.0,0.0,0.0,,0.0,0.0,0.0,0.0
8846,82.95,259035,W,2383,259.0,150.0,mastercard,224.0,debit,325.0,87.0,,,,70.0,58.0,0.0,0.0,56.0,57.0,0.0,0.0,55.0,0.0,50.0,0.0,308.0,64.0,481.0,481.0,31.0,,,123.0,,0.0,0.0,0.0,0.0,0.0,0.0,0.0,0.0,0.0,0.0,0.0,,0.0,0.0,0.0,0.0
6039,100.0,189506,W,16630,242.0,150.0,visa,166.0,debit,264.0,87.0,4.0,gmail.com,,2.0,2.0,0.0,0.0,2.0,3.0,0.0,0.0,2.0,0.0,2.0,0.0,34.0,2.0,457.0,457.0,63.0,427.0,63.0,457.0,395.0,0.0,0.0,0.0,0.0,0.0,0.0,0.0,0.0,0.0,0.0,0.0,,0.0,0.0,0.0,0.0
92,117.0,88054,W,6481,111.0,150.0,visa,226.0,debit,337.0,87.0,327.0,cox.net,,1.0,1.0,0.0,0.0,0.0,1.0,0.0,0.0,1.0,0.0,1.0,0.0,1.0,1.0,0.0,,,0.0,,0.0,0.0,0.0,0.0,0.0,0.0,0.0,0.0,0.0,0.0,0.0,0.0,0.0,,0.0,0.0,0.0,0.0
6410,107.95,223167,W,6293,512.0,150.0,mastercard,117.0,debit,191.0,87.0,,,,2.0,1.0,0.0,0.0,2.0,0.0,0.0,0.0,1.0,0.0,1.0,0.0,13.0,2.0,462.0,462.0,33.0,,,337.0,,0.0,0.0,0.0,0.0,0.0,0.0,0.0,0.0,0.0,0.0,0.0,,0.0,0.0,0.0,0.0
6482,23.95,224840,W,11839,490.0,150.0,visa,226.0,debit,123.0,87.0,14.0,hotmail.com,,4.0,4.0,0.0,0.0,3.0,2.0,0.0,0.0,2.0,0.0,4.0,0.0,17.0,4.0,394.0,394.0,106.0,471.0,281.0,471.0,434.0,0.0,0.0,0.0,0.0,0.0,0.0,0.0,0.0,0.0,0.0,0.0,,0.0,0.0,0.0,0.0
5100,44.5,172652,W,17598,268.0,150.0,visa,166.0,debit,337.0,87.0,10.0,,,2.0,1.0,0.0,0.0,0.0,2.0,0.0,0.0,1.0,0.0,1.0,0.0,7.0,2.0,0.0,,,,,476.0,,0.0,0.0,0.0,0.0,0.0,0.0,0.0,0.0,0.0,0.0,0.0,,0.0,0.0,0.0,0.0
5786,300.0,182274,R,14290,512.0,150.0,visa,226.0,debit,158.0,87.0,,gmail.com,anonymous.com,1.0,1.0,0.0,1.0,0.0,1.0,0.0,1.0,0.0,1.0,1.0,0.0,1.0,1.0,0.0,,,,,,,0.0,0.0,0.0,0.0,0.0,0.0,0.0,0.0,0.0,0.0,0.0,0.0,0.0,0.0,0.0,0.0
4721,20.0,168653,W,7483,461.0,150.0,visa,226.0,debit,387.0,87.0,,yahoo.com,,108.0,101.0,0.0,0.0,113.0,82.0,0.0,0.0,62.0,0.0,75.0,0.0,509.0,95.0,259.0,259.0,11.0,338.0,11.0,77.0,,0.0,0.0,0.0,0.0,0.0,0.0,0.0,0.0,0.0,0.0,0.0,,425.8999938964844,0.0,0.0,425.8999938964844
9930,59.0,310948,W,13780,298.0,150.0,visa,226.0,debit,441.0,87.0,,gmail.com,,1.0,1.0,0.0,0.0,0.0,1.0,0.0,0.0,1.0,0.0,1.0,0.0,1.0,1.0,0.0,,,,,0.0,,0.0,0.0,0.0,0.0,0.0,0.0,0.0,0.0,0.0,0.0,0.0,,0.0,0.0,0.0,0.0
7216,59.0,236534,W,7919,194.0,150.0,mastercard,166.0,debit,272.0,87.0,,gmail.com,,1.0,1.0,0.0,0.0,0.0,1.0,0.0,0.0,1.0,0.0,1.0,0.0,1.0,1.0,0.0,,,,,0.0,,0.0,0.0,0.0,0.0,0.0,0.0,0.0,0.0,0.0,0.0,0.0,,0.0,0.0,0.0,0.0
5824,50.0,183025,H,9350,111.0,150.0,visa,162.0,credit,512.0,87.0,,hotmail.com,,1.0,1.0,0.0,0.0,0.0,1.0,0.0,1.0,0.0,1.0,1.0,0.0,1.0,1.0,0.0,,,,,,,0.0,0.0,0.0,0.0,0.0,0.0,0.0,0.0,0.0,0.0,0.0,0.0,0.0,0.0,0.0,0.0
8134,30.0,248365,W,10057,225.0,150.0,mastercard,224.0,debit,204.0,87.0,,gmail.com,,14.0,9.0,0.0,0.0,4.0,6.0,0.0,0.0,5.0,0.0,9.0,0.0,12.0,6.0,88.0,88.0,28.0,88.0,28.0,88.0,,0.0,0.0,0.0,0.0,0.0,0.0,0.0,0.0,0.0,0.0,0.0,,30.0,0.0,0.0,30.0
6790,108.95,230561,W,2356,143.0,150.0,visa,226.0,debit,205.0,87.0,6.0,yahoo.com,,6.0,5.0,0.0,0.0,2.0,3.0,0.0,0.0,4.0,0.0,4.0,0.0,8.0,6.0,0.0,,,,,0.0,,0.0,0.0,0.0,0.0,0.0,0.0,0.0,0.0,0.0,0.0,0.0,,0.0,0.0,0.0,0.0
9400,50.0,269117,H,16876,490.0,150.0,visa,195.0,debit,204.0,87.0,,gmail.com,,1.0,1.0,0.0,0.0,0.0,1.0,0.0,1.0,0.0,1.0,1.0,0.0,1.0,1.0,0.0,,,,,,,0.0,0.0,0.0,0.0,0.0,0.0,0.0,0.0,0.0,0.0,0.0,0.0,0.0,0.0,0.0,0.0
7457,117.0,239530,W,8199,420.0,150.0,mastercard,224.0,debit,387.0,87.0,32.0,gmail.com,,1.0,3.0,0.0,0.0,0.0,1.0,0.0,0.0,1.0,0.0,1.0,0.0,8.0,1.0,143.0,143.0,14.0,143.0,14.0,63.0,143.0,0.0,0.0,0.0,0.0,0.0,0.0,0.0,0.0,0.0,0.0,0.0,,194.0,0.0,0.0,194.0
8670,34.0,256262,W,7919,194.0,150.0,mastercard,202.0,debit,204.0,87.0,2.0,gmail.com,,2.0,2.0,0.0,0.0,0.0,1.0,0.0,0.0,1.0,0.0,1.0,0.0,3.0,2.0,80.0,30.0,30.0,120.0,30.0,120.0,120.0,0.0,0.0,0.0,0.0,0.0,0.0,0.0,0.0,0.0,0.0,0.0,,0.0,0.0,0.0,0.0
2545,49.0,147095,W,12598,111.0,150.0,visa,166.0,debit,220.0,87.0,,gmail.com,,1.0,1.0,0.0,0.0,0.0,1.0,0.0,0.0,1.0,0.0,1.0,0.0,0.0,0.0,0.0,,,,,0.0,,0.0,0.0,0.0,0.0,0.0,0.0,0.0,0.0,0.0,0.0,0.0,,0.0,0.0,0.0,0.0
4768,24.95,169219,W,12839,321.0,150.0,visa,226.0,debit,264.0,87.0,,hotmail.com,,132.0,112.0,0.0,0.0,143.0,106.0,0.0,0.0,74.0,0.0,97.0,0.0,537.0,110.0,15.0,,15.0,,,462.0,,0.0,0.0,0.0,0.0,0.0,0.0,0.0,0.0,0.0,0.0,0.0,,21.950000762939453,0.0,0.0,0.0
3279,25.0,154001,H,7207,111.0,150.0,visa,226.0,debit,204.0,87.0,,bellsouth.net,bellsouth.net,1.0,1.0,0.0,1.0,0.0,1.0,0.0,1.0,0.0,1.0,1.0,0.0,1.0,1.0,0.0,,,,,,,0.0,0.0,0.0,0.0,0.0,0.0,0.0,0.0,0.0,0.0,0.0,0.0,0.0,0.0,0.0,0.0
8159,75.0,248711,H,13994,127.0,150.0,mastercard,224.0,debit,123.0,87.0,,anonymous.com,,1.0,1.0,0.0,0.0,0.0,1.0,0.0,1.0,0.0,1.0,1.0,0.0,1.0,1.0,0.0,,,,,,,0.0,0.0,0.0,0.0,0.0,0.0,0.0,0.0,0.0,0.0,0.0,0.0,0.0,0.0,0.0,0.0
7535,107.95,240594,W,2960,555.0,150.0,visa,226.0,debit,299.0,87.0,0.0,,,3.0,4.0,0.0,0.0,1.0,3.0,0.0,0.0,2.0,0.0,2.0,0.0,13.0,3.0,296.0,296.0,53.0,,,0.0,,0.0,0.0,0.0,0.0,0.0,0.0,0.0,0.0,0.0,0.0,0.0,,0.0,0.0,0.0,0.0
6070,40.0,190406,W,7919,194.0,150.0,mastercard,166.0,debit,324.0,87.0,,,,7.0,5.0,0.0,0.0,3.0,4.0,0.0,0.0,4.0,0.0,4.0,0.0,15.0,5.0,87.0,87.0,21.0,,,425.0,,0.0,0.0,0.0,0.0,0.0,0.0,0.0,0.0,0.0,0.0,0.0,,80.0,0.0,0.0,80.0
1121,209.95,121104,W,6806,555.0,150.0,visa,226.0,debit,269.0,87.0,20.0,yahoo.com,,5.0,3.0,0.0,0.0,1.0,3.0,0.0,0.0,4.0,0.0,3.0,0.0,42.0,4.0,259.0,259.0,1.0,404.0,1.0,392.0,426.0,415.0,125.0,25.0,415.0,125.0,0.0,0.0,0.0,0.0,0.0,0.0,,415.0,125.0,25.0,415.0
6728,107.95,229495,W,1359,314.0,150.0,mastercard,224.0,debit,299.0,87.0,,gmail.com,,3.0,2.0,0.0,0.0,4.0,3.0,0.0,0.0,5.0,0.0,2.0,0.0,32.0,2.0,0.0,,,,,424.0,,0.0,0.0,0.0,0.0,0.0,0.0,0.0,0.0,0.0,0.0,0.0,,0.0,0.0,0.0,0.0
9161,53.95,264255,W,13481,445.0,150.0,mastercard,224.0,debit,330.0,87.0,211.0,,,95.0,80.0,0.0,0.0,85.0,82.0,0.0,0.0,59.0,0.0,71.0,0.0,490.0,81.0,226.0,214.0,2.0,,,498.0,457.0,0.0,0.0,0.0,0.0,0.0,0.0,0.0,0.0,0.0,0.0,0.0,,404.9500122070313,174.9499969482422,0.0,404.9500122070313
8672,82.655,256354,C,15890,545.0,185.0,visa,195.0,debit,,,,hotmail.com,hotmail.com,1.0,1.0,0.0,1.0,0.0,1.0,1.0,1.0,0.0,0.0,1.0,1.0,1.0,1.0,0.0,,,0.0,,0.0,,0.0,0.0,0.0,0.0,0.0,0.0,0.0,0.0,0.0,0.0,0.0,,0.0,0.0,0.0,0.0
5202,28.639,173767,C,15885,545.0,185.0,visa,138.0,debit,,,,hotmail.com,hotmail.com,1.0,1.0,0.0,1.0,0.0,1.0,1.0,1.0,0.0,1.0,1.0,1.0,0.0,0.0,0.0,,,,,0.0,,0.0,0.0,0.0,0.0,0.0,0.0,0.0,0.0,0.0,0.0,0.0,,0.0,0.0,0.0,0.0
7791,25.0,244028,W,12846,390.0,150.0,mastercard,224.0,debit,251.0,87.0,,gmail.com,,1.0,1.0,0.0,0.0,1.0,1.0,0.0,0.0,1.0,0.0,1.0,0.0,2.0,1.0,15.0,15.0,15.0,15.0,15.0,15.0,,0.0,0.0,0.0,0.0,0.0,0.0,0.0,0.0,0.0,0.0,0.0,,30.95000076293945,0.0,0.0,30.95000076293945
6329,422.5,220068,W,12396,458.0,150.0,visa,226.0,debit,330.0,87.0,11.0,aol.com,,10.0,7.0,0.0,0.0,4.0,12.0,0.0,0.0,10.0,0.0,7.0,0.0,22.0,7.0,183.0,183.0,1.0,,,0.0,,0.0,0.0,0.0,0.0,0.0,0.0,0.0,0.0,0.0,0.0,0.0,,342.0,342.0,0.0,0.0
6743,67.95,229851,W,6256,532.0,150.0,mastercard,224.0,debit,485.0,87.0,0.0,gmail.com,,250.0,226.0,0.0,0.0,82.0,286.0,0.0,0.0,151.0,0.0,213.0,1.0,436.0,148.0,344.0,344.0,182.0,397.0,182.0,281.0,0.0,0.0,0.0,0.0,0.0,0.0,0.0,0.0,0.0,0.0,0.0,0.0,,0.0,0.0,0.0,0.0
7077,52.95,234713,W,1300,302.0,150.0,visa,226.0,debit,191.0,87.0,,ymail.com,,102.0,80.0,0.0,0.0,80.0,74.0,0.0,0.0,68.0,0.0,66.0,0.0,391.0,85.0,333.0,333.0,0.0,153.0,0.0,131.0,,107.9499969482422,107.9499969482422,107.9499969482422,107.9499969482422,107.9499969482422,0.0,0.0,0.0,0.0,0.0,0.0,,165.89999389648438,107.9499969482422,107.9499969482422,165.89999389648438
8683,200.0,256469,H,3278,453.0,150.0,visa,226.0,debit,264.0,87.0,,gmail.com,,1.0,1.0,0.0,0.0,0.0,1.0,0.0,1.0,0.0,1.0,1.0,0.0,1.0,1.0,0.0,,,,,,,0.0,0.0,0.0,0.0,0.0,0.0,0.0,0.0,0.0,0.0,0.0,0.0,0.0,0.0,0.0,0.0
4819,10.0,169749,W,9112,250.0,150.0,visa,226.0,debit,441.0,87.0,,yahoo.com,,3.0,3.0,0.0,0.0,1.0,2.0,0.0,0.0,3.0,0.0,3.0,0.0,6.0,2.0,96.0,96.0,4.0,,,96.0,,0.0,0.0,0.0,0.0,0.0,0.0,0.0,0.0,0.0,0.0,0.0,,20.0,20.0,0.0,20.0
5764,83.742,181804,C,4504,500.0,185.0,mastercard,219.0,credit,,,,gmail.com,gmail.com,32.0,24.0,0.0,5.0,0.0,5.0,5.0,25.0,0.0,8.0,11.0,11.0,2.0,2.0,0.0,,,,,0.0,,167.4842071533203,167.4842071533203,0.0,0.0,0.0,167.4842071533203,167.4842071533203,167.4842071533203,0.0,0.0,0.0,,0.0,0.0,0.0,0.0
4575,44.0,167015,W,2884,490.0,150.0,visa,226.0,debit,181.0,87.0,2.0,gmail.com,,1.0,1.0,0.0,0.0,0.0,1.0,0.0,0.0,1.0,0.0,1.0,0.0,1.0,1.0,0.0,,,,,0.0,,0.0,0.0,0.0,0.0,0.0,0.0,0.0,0.0,0.0,0.0,0.0,,0.0,0.0,0.0,0.0
4139,226.0,162586,W,13178,555.0,150.0,visa,226.0,debit,325.0,87.0,,gmail.com,,1.0,1.0,0.0,0.0,0.0,1.0,0.0,0.0,1.0,0.0,1.0,0.0,1.0,1.0,0.0,,0.0,0.0,,0.0,,0.0,0.0,0.0,0.0,0.0,0.0,0.0,0.0,0.0,0.0,0.0,,226.0,226.0,0.0,0.0
6595,100.0,227147,H,6931,481.0,150.0,mastercard,102.0,credit,327.0,87.0,,anonymous.com,,1.0,2.0,0.0,0.0,0.0,1.0,0.0,1.0,0.0,1.0,1.0,0.0,1.0,1.0,0.0,,,,,,,0.0,0.0,0.0,0.0,0.0,0.0,0.0,0.0,0.0,0.0,0.0,0.0,100.0,100.0,0.0,0.0
4751,502.22,169034,W,8986,555.0,150.0,visa,226.0,debit,387.0,87.0,,gmail.com,,1.0,1.0,0.0,0.0,1.0,1.0,0.0,0.0,1.0,0.0,1.0,0.0,2.0,1.0,29.0,29.0,29.0,0.0,,29.0,,510.7200012207031,0.0,0.0,510.7200012207031,0.0,0.0,0.0,0.0,0.0,0.0,0.0,,510.7200012207031,0.0,0.0,510.7200012207031
1078,38.95,117062,W,1444,490.0,150.0,visa,166.0,debit,177.0,87.0,18.0,gmail.com,,3.0,4.0,0.0,0.0,1.0,3.0,0.0,0.0,2.0,0.0,3.0,0.0,20.0,3.0,395.0,395.0,30.0,30.0,30.0,0.0,183.0,0.0,0.0,0.0,0.0,0.0,0.0,0.0,0.0,0.0,0.0,0.0,,52.95000076293945,0.0,0.0,52.95000076293945
1494,120.0,134444,W,18132,567.0,150.0,mastercard,117.0,debit,203.0,87.0,,gmail.com,,4.0,3.0,0.0,0.0,0.0,2.0,0.0,0.0,2.0,0.0,1.0,0.0,9.0,4.0,28.0,28.0,28.0,483.0,28.0,301.0,,0.0,0.0,0.0,0.0,0.0,0.0,0.0,0.0,0.0,0.0,0.0,,117.0,0.0,0.0,88.0
9731,75.0,293375,R,1333,170.0,150.0,visa,195.0,credit,225.0,87.0,,anonymous.com,gmail.com,1.0,1.0,0.0,1.0,0.0,1.0,0.0,1.0,0.0,1.0,1.0,0.0,1.0,1.0,0.0,,,,,,,0.0,0.0,0.0,0.0,0.0,0.0,0.0,0.0,0.0,0.0,0.0,0.0,0.0,0.0,0.0,0.0
7811,50.0,244260,W,11207,361.0,150.0,visa,226.0,debit,325.0,87.0,,gmail.com,,1.0,2.0,0.0,0.0,0.0,2.0,0.0,0.0,3.0,0.0,1.0,0.0,95.0,1.0,350.0,350.0,1.0,,,420.0,,40.0,40.0,0.0,40.0,40.0,0.0,0.0,0.0,0.0,0.0,0.0,,394.0,160.0,0.0,394.0
4890,50.0,170639,H,7919,194.0,150.0,mastercard,166.0,debit,325.0,87.0,,hotmail.com,,1.0,1.0,0.0,0.0,0.0,1.0,0.0,1.0,0.0,1.0,1.0,0.0,1.0,1.0,0.0,,,,,,,0.0,0.0,0.0,0.0,0.0,0.0,0.0,0.0,0.0,0.0,0.0,0.0,0.0,0.0,0.0,0.0
5026,29.0,171920,W,7919,194.0,150.0,mastercard,166.0,debit,191.0,87.0,,gmail.com,,1.0,1.0,0.0,0.0,0.0,1.0,0.0,0.0,1.0,0.0,1.0,0.0,1.0,1.0,0.0,,,,,0.0,,0.0,0.0,0.0,0.0,0.0,0.0,0.0,0.0,0.0,0.0,0.0,,0.0,0.0,0.0,0.0
5489,335.0,176988,W,7919,194.0,150.0,mastercard,166.0,debit,191.0,87.0,50.0,yahoo.com,,1.0,1.0,0.0,0.0,1.0,2.0,0.0,0.0,2.0,0.0,2.0,0.0,3.0,1.0,59.0,59.0,0.0,56.0,0.0,59.0,27.0,1519.0,1519.0,884.0,884.0,884.0,635.0,635.0,635.0,0.0,0.0,0.0,,2334.0,1519.0,884.0,884.0
5144,25.0,173184,W,7379,306.0,150.0,visa,226.0,debit,315.0,87.0,,yahoo.com,,1.0,1.0,0.0,0.0,0.0,1.0,0.0,0.0,1.0,0.0,1.0,0.0,5.0,1.0,11.0,11.0,2.0,,,10.0,,0.0,0.0,0.0,0.0,0.0,0.0,0.0,0.0,0.0,0.0,0.0,,168.0,84.0,0.0,168.0
5938,100.0,186038,W,5700,122.0,150.0,mastercard,126.0,debit,264.0,87.0,16.0,gmail.com,,3.0,3.0,0.0,0.0,6.0,1.0,0.0,0.0,2.0,0.0,2.0,0.0,56.0,2.0,439.0,439.0,7.0,,,101.0,437.0,0.0,0.0,0.0,0.0,0.0,0.0,0.0,0.0,0.0,0.0,0.0,,531.7999877929689,133.89999389648438,0.0,531.7999877929689
5266,36.494,174527,C,15890,545.0,185.0,visa,195.0,debit,,,,gmail.com,gmail.com,1.0,1.0,0.0,1.0,0.0,1.0,1.0,1.0,0.0,1.0,1.0,1.0,1.0,1.0,0.0,,,,,0.0,,0.0,0.0,0.0,0.0,0.0,0.0,0.0,0.0,0.0,0.0,0.0,,0.0,0.0,0.0,0.0
5814,75.0,182860,W,1939,360.0,150.0,visa,166.0,debit,269.0,87.0,8.0,gmail.com,,1.0,2.0,0.0,0.0,0.0,1.0,0.0,0.0,1.0,0.0,1.0,0.0,6.0,1.0,34.0,34.0,0.0,,,12.0,,150.0,150.0,100.0,100.0,100.0,50.0,50.0,50.0,0.0,0.0,0.0,,389.5,267.0,100.0,222.5
318,39.0,91504,W,14079,360.0,150.0,mastercard,166.0,debit,123.0,87.0,,,,1.0,1.0,0.0,0.0,0.0,0.0,0.0,0.0,2.0,0.0,1.0,0.0,2.0,1.0,174.0,174.0,169.0,,,173.0,,0.0,0.0,0.0,0.0,0.0,0.0,0.0,0.0,0.0,0.0,0.0,,0.0,0.0,0.0,0.0
7201,500.0,236326,W,9178,555.0,150.0,mastercard,117.0,debit,325.0,87.0,,,,1.0,1.0,0.0,0.0,0.0,0.0,0.0,0.0,1.0,0.0,1.0,0.0,16.0,1.0,211.0,211.0,0.0,,,403.0,,500.0,500.0,500.0,500.0,500.0,0.0,0.0,0.0,0.0,0.0,0.0,,1200.0,500.0,500.0,1200.0
1355,35.0,131866,W,10057,225.0,150.0,mastercard,224.0,debit,204.0,87.0,,gmail.com,,1.0,1.0,0.0,0.0,0.0,1.0,0.0,0.0,1.0,0.0,1.0,0.0,8.0,1.0,97.0,97.0,0.0,91.0,0.0,97.0,,0.0,0.0,0.0,0.0,0.0,0.0,0.0,0.0,0.0,0.0,0.0,,434.0,160.0,0.0,125.0
3464,39.95,155736,W,16560,476.0,150.0,visa,126.0,debit,327.0,87.0,,gmail.com,,1.0,1.0,0.0,0.0,1.0,2.0,0.0,0.0,1.0,0.0,1.0,0.0,1.0,1.0,1.0,1.0,0.0,,,1.0,,40.0,40.0,0.0,0.0,0.0,0.0,0.0,0.0,40.0,40.0,40.0,,64.97000122070311,64.97000122070311,0.0,24.96999931335449
4367,100.0,164909,W,10756,390.0,150.0,mastercard,224.0,debit,264.0,87.0,,gmail.com,,1.0,1.0,0.0,0.0,1.0,1.0,0.0,0.0,1.0,0.0,1.0,0.0,2.0,1.0,10.0,10.0,11.0,11.0,11.0,11.0,,0.0,0.0,0.0,0.0,0.0,0.0,0.0,0.0,0.0,0.0,0.0,,107.9499969482422,0.0,0.0,107.9499969482422
1785,107.95,138957,W,8528,215.0,150.0,visa,226.0,debit,191.0,87.0,178.0,,,1.0,3.0,0.0,0.0,1.0,0.0,0.0,0.0,1.0,0.0,1.0,0.0,8.0,1.0,106.0,106.0,18.0,,,31.0,106.0,0.0,0.0,0.0,0.0,0.0,0.0,0.0,0.0,0.0,0.0,0.0,,35.95000076293945,0.0,0.0,35.95000076293945
9909,103.97,310372,W,6816,464.0,150.0,visa,226.0,debit,441.0,87.0,,gmail.com,,13.0,7.0,0.0,0.0,15.0,7.0,0.0,0.0,6.0,0.0,7.0,0.0,37.0,13.0,0.0,,,,,0.0,,0.0,0.0,0.0,0.0,0.0,0.0,0.0,0.0,0.0,0.0,0.0,,0.0,0.0,0.0,0.0
2769,12.688,149306,C,8755,500.0,185.0,mastercard,224.0,credit,,,,live.com,live.com,1.0,1.0,0.0,1.0,0.0,1.0,1.0,1.0,0.0,1.0,1.0,1.0,1.0,1.0,0.0,,,,,0.0,,0.0,0.0,0.0,0.0,0.0,0.0,0.0,0.0,0.0,0.0,0.0,,0.0,0.0,0.0,0.0
9753,107.95,298623,W,5376,111.0,150.0,mastercard,224.0,debit,325.0,87.0,,,,3.0,3.0,0.0,0.0,1.0,1.0,0.0,0.0,1.0,0.0,1.0,0.0,33.0,3.0,468.0,468.0,76.0,,,343.0,,250.0,0.0,0.0,250.0,0.0,0.0,0.0,0.0,0.0,0.0,0.0,,0.0,0.0,0.0,0.0
4879,100.0,170458,W,1764,158.0,150.0,visa,226.0,debit,315.0,87.0,,,,25.0,12.0,0.0,0.0,48.0,9.0,0.0,0.0,9.0,0.0,9.0,0.0,105.0,21.0,425.0,425.0,64.0,,,426.0,,0.0,0.0,0.0,0.0,0.0,0.0,0.0,0.0,0.0,0.0,0.0,,0.0,0.0,0.0,0.0
7507,200.0,240248,W,12725,325.0,150.0,visa,226.0,debit,272.0,87.0,0.0,gmail.com,,1.0,1.0,0.0,0.0,1.0,1.0,0.0,0.0,1.0,0.0,1.0,0.0,3.0,1.0,15.0,15.0,7.0,,,15.0,,0.0,0.0,0.0,0.0,0.0,0.0,0.0,0.0,0.0,0.0,0.0,,269.95001220703125,0.0,0.0,269.95001220703125
8708,25.0,256747,S,3821,111.0,150.0,mastercard,219.0,credit,330.0,87.0,,,live.com,1.0,1.0,1.0,1.0,0.0,0.0,0.0,1.0,0.0,1.0,1.0,0.0,1.0,1.0,0.0,,,,,,,0.0,0.0,0.0,0.0,0.0,0.0,0.0,0.0,0.0,0.0,0.0,0.0,0.0,0.0,0.0,0.0
3473,226.0,155834,W,3682,264.0,150.0,visa,162.0,credit,264.0,87.0,,gmail.com,,1.0,1.0,0.0,0.0,0.0,1.0,0.0,0.0,1.0,0.0,1.0,0.0,1.0,1.0,0.0,,,,,0.0,,0.0,0.0,0.0,0.0,0.0,0.0,0.0,0.0,0.0,0.0,0.0,,0.0,0.0,0.0,0.0
5572,75.0,178277,H,6019,583.0,150.0,visa,226.0,credit,181.0,87.0,,yahoo.com,,1.0,1.0,0.0,0.0,0.0,1.0,0.0,1.0,0.0,1.0,1.0,0.0,1.0,1.0,0.0,,,,,,,0.0,0.0,0.0,0.0,0.0,0.0,0.0,0.0,0.0,0.0,0.0,0.0,0.0,0.0,0.0,0.0
1090,625.0,118366,W,11207,361.0,150.0,visa,226.0,debit,325.0,87.0,,yahoo.com,,2.0,3.0,0.0,0.0,0.0,2.0,0.0,0.0,1.0,0.0,1.0,0.0,14.0,2.0,220.0,139.0,0.0,319.0,0.0,56.0,,1674.0,650.0,0.0,1024.0,0.0,0.0,0.0,0.0,650.0,650.0,650.0,,2398.0,1374.0,0.0,1024.0
2124,64.649,142889,C,3154,408.0,185.0,mastercard,224.0,debit,,,,hotmail.com,hotmail.com,4.0,23.0,0.0,2.0,0.0,2.0,2.0,3.0,0.0,5.0,4.0,4.0,8.0,1.0,22.0,,15.0,122.0,15.0,0.0,,0.0,0.0,0.0,0.0,0.0,0.0,0.0,0.0,0.0,0.0,0.0,,184.82760620117188,0.0,0.0,0.0
349,59.0,92016,W,3178,490.0,150.0,visa,226.0,debit,299.0,87.0,68.0,ymail.com,,1.0,1.0,0.0,0.0,0.0,1.0,0.0,0.0,1.0,0.0,1.0,0.0,1.0,1.0,0.0,,,0.0,,0.0,0.0,0.0,0.0,0.0,0.0,0.0,0.0,0.0,0.0,0.0,0.0,0.0,,0.0,0.0,0.0,0.0
733,150.0,100516,H,4806,490.0,150.0,visa,226.0,debit,315.0,87.0,,yahoo.com,,1.0,1.0,0.0,0.0,0.0,1.0,0.0,1.0,0.0,1.0,1.0,0.0,1.0,1.0,0.0,,,,,,,0.0,0.0,0.0,0.0,0.0,0.0,0.0,0.0,0.0,0.0,0.0,0.0,0.0,0.0,0.0,0.0
6077,117.0,190703,W,11839,490.0,150.0,visa,226.0,debit,512.0,87.0,,,,10.0,7.0,0.0,0.0,1.0,5.0,0.0,0.0,4.0,0.0,5.0,0.0,87.0,8.0,266.0,238.0,0.0,,,238.0,,217.0,217.0,0.0,0.0,0.0,100.0,100.0,100.0,117.0,117.0,117.0,,1268.0,873.0,0.0,450.0
8243,57.95,250150,W,6019,583.0,150.0,visa,226.0,credit,231.0,87.0,14.0,yahoo.com,,2.0,1.0,0.0,0.0,1.0,1.0,0.0,0.0,1.0,0.0,2.0,0.0,7.0,2.0,104.0,104.0,62.0,,,255.0,,0.0,0.0,0.0,0.0,0.0,0.0,0.0,0.0,0.0,0.0,0.0,,0.0,0.0,0.0,0.0
6216,47.95,201035,W,7919,194.0,150.0,mastercard,202.0,debit,428.0,87.0,0.0,gmail.com,,5.0,5.0,0.0,0.0,2.0,4.0,0.0,0.0,5.0,0.0,5.0,0.0,7.0,5.0,60.0,25.0,25.0,60.0,25.0,333.0,0.0,0.0,0.0,0.0,0.0,0.0,0.0,0.0,0.0,0.0,0.0,0.0,,95.9000015258789,0.0,0.0,47.95000076293945
7032,311.95,234093,W,12037,595.0,150.0,mastercard,224.0,debit,231.0,87.0,,yahoo.com,,6.0,2.0,0.0,0.0,3.0,4.0,0.0,0.0,2.0,0.0,3.0,0.0,9.0,2.0,1.0,,0.0,,,357.0,,2171.699951171875,2171.699951171875,0.0,0.0,0.0,1859.75,1859.75,1859.75,0.0,311.95001220703125,311.95001220703125,,2171.699951171875,2171.699951171875,0.0,0.0
5521,310.317,177457,C,12722,555.0,147.0,mastercard,126.0,debit,,,,gmail.com,gmail.com,1.0,1.0,0.0,1.0,0.0,1.0,1.0,1.0,0.0,1.0,1.0,1.0,1.0,1.0,0.0,,,,,0.0,,0.0,0.0,0.0,0.0,0.0,0.0,0.0,0.0,0.0,0.0,0.0,,0.0,0.0,0.0,0.0
3015,51.357,151597,C,3702,311.0,185.0,visa,102.0,debit,,,,gmail.com,gmail.com,58.0,80.0,0.0,13.0,0.0,13.0,13.0,11.0,0.0,7.0,31.0,31.0,5.0,4.0,49.0,,49.0,,,0.0,,0.0,0.0,0.0,0.0,0.0,0.0,0.0,0.0,0.0,0.0,0.0,,0.0,0.0,0.0,0.0
6646,87.95,227900,W,2803,100.0,150.0,visa,226.0,debit,494.0,87.0,5.0,gmail.com,,3.0,3.0,0.0,0.0,3.0,2.0,0.0,0.0,2.0,0.0,2.0,0.0,8.0,3.0,105.0,105.0,10.0,105.0,51.0,10.0,105.0,47.95000076293945,0.0,0.0,47.95000076293945,0.0,0.0,0.0,0.0,0.0,0.0,0.0,,47.95000076293945,0.0,0.0,47.95000076293945
381,24.5,92606,W,18249,360.0,150.0,mastercard,166.0,debit,315.0,87.0,118.0,gmail.com,,1.0,1.0,0.0,0.0,0.0,1.0,0.0,0.0,1.0,0.0,1.0,0.0,1.0,1.0,0.0,,,0.0,,0.0,0.0,0.0,0.0,0.0,0.0,0.0,0.0,0.0,0.0,0.0,0.0,0.0,,0.0,0.0,0.0,0.0
4414,484.95,165375,W,4121,361.0,150.0,visa,226.0,credit,325.0,87.0,18.0,,,1.0,1.0,0.0,0.0,1.0,0.0,0.0,0.0,1.0,0.0,1.0,0.0,1.0,1.0,0.0,,,,,0.0,0.0,0.0,0.0,0.0,0.0,0.0,0.0,0.0,0.0,0.0,0.0,0.0,,0.0,0.0,0.0,0.0
765,600.0,101572,W,9323,111.0,150.0,visa,226.0,debit,191.0,87.0,,charter.net,,2.0,1.0,0.0,0.0,0.0,2.0,0.0,0.0,2.0,0.0,2.0,0.0,33.0,2.0,51.0,51.0,0.0,421.0,0.0,483.0,,9481.0,2580.0,0.0,1516.0,190.0,1100.0,7425.0,2390.0,0.0,540.0,0.0,,9681.0,2580.0,0.0,1516.0
2304,213.0,144794,W,7919,194.0,150.0,mastercard,166.0,debit,264.0,87.0,1009.0,gmail.com,,1.0,2.0,0.0,0.0,0.0,1.0,0.0,0.0,2.0,0.0,1.0,0.0,1.0,1.0,0.0,,0.0,,,0.0,,0.0,0.0,0.0,0.0,0.0,0.0,0.0,0.0,0.0,0.0,0.0,,226.0,226.0,0.0,0.0
8612,141.0,255406,W,10057,225.0,150.0,mastercard,224.0,debit,441.0,87.0,7.0,gmail.com,,1.0,1.0,0.0,0.0,0.0,1.0,0.0,0.0,1.0,0.0,1.0,0.0,1.0,1.0,1.0,1.0,1.0,,,1.0,,117.0,117.0,0.0,117.0,117.0,0.0,0.0,0.0,0.0,0.0,0.0,,117.0,117.0,0.0,117.0
6650,150.0,227928,W,1804,161.0,150.0,mastercard,117.0,debit,123.0,87.0,,gmail.com,,2.0,2.0,0.0,0.0,0.0,1.0,0.0,0.0,0.0,0.0,1.0,0.0,2.0,2.0,1.0,1.0,1.0,,,1.0,,583.0,583.0,160.5,160.5,160.5,422.5,422.5,422.5,0.0,0.0,0.0,,583.0,583.0,160.5,160.5
5331,39.394,175211,C,15257,375.0,185.0,mastercard,224.0,debit,,,,gmail.com,gmail.com,2.0,10.0,0.0,2.0,0.0,2.0,2.0,8.0,0.0,1.0,3.0,3.0,1.0,1.0,1.0,,0.0,,,0.0,,0.0,0.0,0.0,0.0,0.0,0.0,0.0,0.0,0.0,0.0,0.0,,167.9069061279297,167.9069061279297,0.0,0.0
3238,55.0,153639,S,10616,583.0,150.0,visa,226.0,credit,330.0,87.0,,,yahoo.com,1.0,2.0,0.0,1.0,0.0,0.0,0.0,6.0,0.0,1.0,2.0,0.0,13.0,1.0,604.0,604.0,,,,,,115.0,0.0,0.0,115.0,0.0,0.0,0.0,0.0,0.0,0.0,0.0,0.0,115.0,0.0,0.0,115.0
3529,374.95,156394,W,7919,194.0,150.0,mastercard,166.0,debit,433.0,87.0,17.0,,,1.0,1.0,0.0,0.0,1.0,0.0,0.0,0.0,1.0,0.0,1.0,0.0,1.0,1.0,0.0,,0.0,,,0.0,221.0,374.9500122070313,374.9500122070313,0.0,0.0,0.0,374.9500122070313,374.9500122070313,374.9500122070313,0.0,0.0,0.0,,374.9500122070313,374.9500122070313,0.0,0.0
8191,1122.79,249216,W,8886,555.0,150.0,visa,226.0,credit,299.0,87.0,3.0,gmail.com,,1.0,1.0,0.0,0.0,1.0,1.0,0.0,0.0,1.0,0.0,1.0,0.0,1.0,1.0,0.0,,,0.0,,0.0,0.0,0.0,0.0,0.0,0.0,0.0,0.0,0.0,0.0,0.0,0.0,0.0,,0.0,0.0,0.0,0.0
8365,59.0,252004,W,2835,194.0,150.0,mastercard,166.0,debit,123.0,87.0,,gmail.com,,1.0,1.0,0.0,0.0,0.0,1.0,0.0,0.0,1.0,0.0,1.0,0.0,1.0,1.0,1.0,1.0,0.0,,,1.0,,217.0,217.0,0.0,117.0,117.0,100.0,100.0,100.0,0.0,0.0,0.0,,217.0,217.0,0.0,117.0
7110,74.437,235095,C,3154,408.0,185.0,mastercard,224.0,debit,,,,gmail.com,gmail.com,1.0,2.0,0.0,1.0,0.0,1.0,1.0,1.0,0.0,1.0,1.0,1.0,1.0,1.0,0.0,0.0,0.0,,,0.0,,0.0,0.0,0.0,0.0,0.0,0.0,0.0,0.0,0.0,0.0,0.0,,74.4374008178711,74.4374008178711,74.4374008178711,74.4374008178711
9919,70.0,310636,S,3442,,150.0,visa,166.0,debit,330.0,87.0,,,gmail.com,12.0,3.0,0.0,1.0,0.0,0.0,0.0,4.0,0.0,4.0,1.0,0.0,12.0,12.0,0.0,,,,,,,0.0,0.0,0.0,0.0,0.0,0.0,0.0,0.0,0.0,0.0,0.0,0.0,0.0,0.0,0.0,0.0
2458,59.0,146271,W,2803,100.0,150.0,visa,226.0,debit,184.0,87.0,,aol.com,,1.0,1.0,0.0,0.0,0.0,1.0,0.0,0.0,0.0,0.0,1.0,0.0,1.0,1.0,0.0,,,,,0.0,,0.0,0.0,0.0,0.0,0.0,0.0,0.0,0.0,0.0,0.0,0.0,,0.0,0.0,0.0,0.0
3817,150.0,159365,W,12148,555.0,150.0,visa,226.0,credit,441.0,87.0,,yahoo.com,,1.0,2.0,0.0,0.0,0.0,1.0,0.0,0.0,1.0,0.0,1.0,0.0,14.0,1.0,425.0,425.0,11.0,425.0,11.0,162.0,,0.0,0.0,0.0,0.0,0.0,0.0,0.0,0.0,0.0,0.0,0.0,,275.0,0.0,0.0,275.0
5359,77.95,175559,W,12002,111.0,150.0,mastercard,224.0,debit,191.0,87.0,,gmail.com,,3.0,2.0,0.0,0.0,2.0,2.0,0.0,0.0,0.0,0.0,2.0,0.0,14.0,3.0,109.0,109.0,9.0,,,110.0,,0.0,0.0,0.0,0.0,0.0,0.0,0.0,0.0,0.0,0.0,0.0,,57.95000076293945,0.0,0.0,57.95000076293945
2688,39.0,148500,W,7919,194.0,150.0,mastercard,166.0,debit,330.0,87.0,,,,2.0,2.0,0.0,0.0,0.0,1.0,0.0,0.0,1.0,0.0,1.0,0.0,2.0,1.0,0.0,,,,,22.0,,0.0,0.0,0.0,0.0,0.0,0.0,0.0,0.0,0.0,0.0,0.0,,0.0,0.0,0.0,0.0
1617,250.0,136557,W,12501,490.0,150.0,visa,226.0,debit,204.0,87.0,10.0,aol.com,,1.0,3.0,0.0,0.0,0.0,3.0,0.0,0.0,1.0,0.0,2.0,0.0,7.0,1.0,88.0,88.0,0.0,28.0,0.0,0.0,88.0,500.0,500.0,500.0,500.0,500.0,0.0,0.0,0.0,0.0,0.0,0.0,,1233.0,500.0,500.0,1116.0
6363,50.0,221711,W,11207,361.0,150.0,visa,226.0,debit,330.0,87.0,,,,1.0,2.0,0.0,0.0,0.0,0.0,0.0,0.0,2.0,0.0,1.0,0.0,9.0,1.0,336.0,336.0,1.0,,,276.0,,50.0,50.0,50.0,50.0,50.0,0.0,0.0,0.0,0.0,0.0,0.0,,50.0,50.0,50.0,50.0
7417,103.97,238900,W,4002,527.0,150.0,visa,226.0,debit,428.0,87.0,,,,3.0,3.0,0.0,0.0,2.0,2.0,0.0,0.0,3.0,0.0,2.0,0.0,44.0,3.0,475.0,475.0,7.0,,,486.0,,0.0,0.0,0.0,0.0,0.0,0.0,0.0,0.0,0.0,0.0,0.0,,70.94999694824219,35.0,0.0,70.94999694824219
1253,97.0,129265,W,6530,206.0,150.0,mastercard,166.0,debit,325.0,87.0,0.0,gmail.com,,2.0,2.0,0.0,0.0,0.0,2.0,0.0,0.0,1.0,0.0,1.0,0.0,2.0,1.0,275.0,275.0,275.0,275.0,275.0,274.0,275.0,0.0,0.0,0.0,0.0,0.0,0.0,0.0,0.0,0.0,0.0,0.0,,0.0,0.0,0.0,0.0
9335,209.95,267524,W,4141,404.0,150.0,mastercard,102.0,credit,498.0,87.0,7.0,aol.com,,4.0,1.0,0.0,0.0,1.0,1.0,0.0,0.0,1.0,0.0,1.0,0.0,13.0,3.0,0.0,,,,,457.0,428.0,107.9499969482422,107.9499969482422,0.0,0.0,0.0,0.0,0.0,0.0,107.9499969482422,107.9499969482422,107.9499969482422,,0.0,0.0,0.0,0.0
7150,186.0,235500,W,7919,194.0,150.0,mastercard,166.0,debit,325.0,87.0,,gmail.com,,3.0,1.0,0.0,0.0,0.0,1.0,0.0,0.0,2.0,0.0,1.0,0.0,3.0,3.0,56.0,56.0,0.0,56.0,0.0,56.0,,662.0,662.0,0.0,0.0,0.0,662.0,662.0,662.0,0.0,0.0,0.0,,641.0,641.0,0.0,0.0
5049,25.0,172154,H,2157,111.0,150.0,visa,226.0,debit,272.0,87.0,,gmail.com,gmail.com,1.0,1.0,0.0,1.0,0.0,1.0,0.0,1.0,0.0,1.0,1.0,0.0,0.0,0.0,0.0,,,,,,,0.0,0.0,0.0,0.0,0.0,0.0,0.0,0.0,0.0,0.0,0.0,0.0,0.0,0.0,0.0,0.0
8260,25.95,250471,W,4726,555.0,150.0,visa,226.0,debit,204.0,87.0,,comcast.net,,2.0,2.0,0.0,0.0,4.0,1.0,0.0,0.0,3.0,0.0,2.0,0.0,36.0,2.0,479.0,479.0,17.0,479.0,17.0,479.0,325.0,0.0,0.0,0.0,0.0,0.0,0.0,0.0,0.0,0.0,0.0,0.0,,107.9499969482422,0.0,0.0,107.9499969482422
2673,77.95,148385,W,7919,194.0,150.0,mastercard,166.0,debit,485.0,87.0,,,,3.0,2.0,0.0,0.0,2.0,0.0,0.0,0.0,0.0,0.0,2.0,0.0,7.0,3.0,30.0,30.0,30.0,,,242.0,,0.0,0.0,0.0,0.0,0.0,0.0,0.0,0.0,0.0,0.0,0.0,,68.97000122070311,0.0,0.0,68.97000122070311
563,50.0,96376,H,3682,264.0,150.0,visa,162.0,credit,231.0,87.0,,msn.com,aol.com,1.0,1.0,0.0,1.0,0.0,1.0,0.0,1.0,0.0,1.0,1.0,0.0,1.0,1.0,0.0,,,,,,,0.0,0.0,0.0,0.0,0.0,0.0,0.0,0.0,0.0,0.0,0.0,0.0,0.0,0.0,0.0,0.0
5481,294.729,176856,C,13832,375.0,185.0,mastercard,224.0,debit,,,,gmail.com,gmail.com,2.0,3.0,0.0,1.0,0.0,1.0,1.0,3.0,0.0,2.0,1.0,1.0,2.0,1.0,131.0,131.0,130.0,479.0,3.0,0.0,,0.0,0.0,0.0,0.0,0.0,0.0,0.0,0.0,0.0,0.0,0.0,,0.0,0.0,0.0,0.0
1330,50.0,131344,W,8406,264.0,150.0,visa,226.0,debit,126.0,87.0,,me.com,,1.0,2.0,0.0,0.0,2.0,3.0,0.0,0.0,1.0,0.0,1.0,0.0,5.0,1.0,356.0,356.0,102.0,0.0,,102.0,,0.0,0.0,0.0,0.0,0.0,0.0,0.0,0.0,0.0,0.0,0.0,,0.0,0.0,0.0,0.0
1794,2182.0,139136,W,12570,462.0,150.0,visa,226.0,debit,191.0,87.0,,hotmail.com,,1.0,1.0,0.0,0.0,1.0,1.0,0.0,0.0,0.0,0.0,1.0,0.0,1.0,1.0,0.0,,,0.0,,0.0,,0.0,0.0,0.0,0.0,0.0,0.0,0.0,0.0,0.0,0.0,0.0,,0.0,0.0,0.0,0.0
4170,59.0,162777,W,7919,194.0,150.0,mastercard,166.0,debit,441.0,87.0,,,,1.0,2.0,0.0,0.0,0.0,0.0,0.0,0.0,2.0,0.0,1.0,0.0,8.0,1.0,214.0,214.0,62.0,,,91.0,,0.0,0.0,0.0,0.0,0.0,0.0,0.0,0.0,0.0,0.0,0.0,,0.0,0.0,0.0,0.0
4856,30.0,170174,W,15446,460.0,150.0,mastercard,224.0,debit,226.0,87.0,,hotmail.com,,5.0,4.0,0.0,0.0,2.0,2.0,0.0,0.0,3.0,0.0,4.0,0.0,22.0,5.0,402.0,402.0,15.0,,,403.0,,0.0,0.0,0.0,0.0,0.0,0.0,0.0,0.0,0.0,0.0,0.0,,30.0,0.0,0.0,30.0
4813,30.0,169662,H,8908,583.0,150.0,visa,226.0,credit,325.0,87.0,,gmail.com,,1.0,1.0,0.0,0.0,0.0,1.0,0.0,1.0,0.0,1.0,1.0,0.0,0.0,0.0,0.0,,,0.0,,0.0,,0.0,0.0,0.0,0.0,0.0,0.0,0.0,0.0,0.0,0.0,0.0,0.0,0.0,0.0,0.0,0.0
4903,209.95,170772,W,1197,275.0,150.0,mastercard,224.0,debit,315.0,87.0,,frontier.com,,1.0,1.0,0.0,0.0,1.0,1.0,0.0,0.0,0.0,0.0,1.0,0.0,3.0,1.0,190.0,190.0,34.0,,,190.0,,0.0,0.0,0.0,0.0,0.0,0.0,0.0,0.0,0.0,0.0,0.0,,0.0,0.0,0.0,0.0
9966,100.0,312271,W,7861,494.0,150.0,visa,226.0,credit,308.0,87.0,,ymail.com,,1.0,1.0,0.0,0.0,1.0,1.0,0.0,0.0,1.0,0.0,1.0,0.0,13.0,1.0,280.0,280.0,28.0,,,280.0,,0.0,0.0,0.0,0.0,0.0,0.0,0.0,0.0,0.0,0.0,0.0,,50.0,0.0,0.0,50.0
3355,75.0,154758,H,10990,399.0,150.0,american express,198.0,credit,264.0,87.0,,gmail.com,,1.0,1.0,0.0,0.0,0.0,1.0,0.0,1.0,0.0,1.0,1.0,0.0,1.0,1.0,0.0,,,,,,,0.0,0.0,0.0,0.0,0.0,0.0,0.0,0.0,0.0,0.0,0.0,0.0,0.0,0.0,0.0,0.0
6004,12.024,188267,C,16136,204.0,185.0,visa,138.0,debit,,,,hotmail.com,hotmail.com,1.0,6.0,0.0,2.0,0.0,2.0,2.0,2.0,0.0,6.0,3.0,3.0,6.0,1.0,41.0,41.0,6.0,41.0,7.0,0.0,,0.0,0.0,0.0,0.0,0.0,0.0,0.0,0.0,0.0,0.0,0.0,,28.07729911804199,6.377500057220459,0.0,28.07729911804199
1145,97.0,123135,W,14426,111.0,150.0,mastercard,224.0,debit,272.0,87.0,7.0,gmail.com,,1.0,1.0,0.0,0.0,0.0,1.0,0.0,0.0,1.0,0.0,1.0,0.0,30.0,1.0,344.0,344.0,30.0,154.0,154.0,344.0,322.0,117.0,0.0,0.0,117.0,0.0,0.0,0.0,0.0,0.0,0.0,0.0,,117.0,0.0,0.0,117.0
9857,107.95,308593,W,6542,174.0,150.0,visa,226.0,debit,324.0,87.0,99.0,gmail.com,,6.0,7.0,0.0,0.0,5.0,2.0,0.0,0.0,6.0,0.0,6.0,0.0,26.0,5.0,3.0,3.0,3.0,,,3.0,,0.0,0.0,0.0,0.0,0.0,0.0,0.0,0.0,0.0,0.0,0.0,,82.94999694824219,82.94999694824219,0.0,82.94999694824219
1599,110.0,136219,W,4272,111.0,150.0,visa,226.0,debit,269.0,87.0,,,,1.0,3.0,0.0,0.0,0.0,0.0,0.0,0.0,1.0,0.0,1.0,0.0,26.0,1.0,155.0,155.0,16.0,,,155.0,,0.0,0.0,0.0,0.0,0.0,0.0,0.0,0.0,0.0,0.0,0.0,,1715.0,0.0,0.0,1715.0
23,107.95,86808,W,2392,360.0,150.0,mastercard,166.0,debit,126.0,87.0,4.0,gmail.com,,1.0,1.0,0.0,0.0,1.0,1.0,0.0,0.0,1.0,0.0,1.0,0.0,1.0,1.0,0.0,,,0.0,,0.0,0.0,0.0,0.0,0.0,0.0,0.0,0.0,0.0,0.0,0.0,0.0,0.0,,0.0,0.0,0.0,0.0
7487,30.95,239869,W,14712,111.0,150.0,visa,226.0,debit,264.0,87.0,11.0,,,80.0,70.0,0.0,0.0,162.0,65.0,0.0,0.0,54.0,0.0,57.0,0.0,629.0,69.0,229.0,229.0,8.0,,,229.0,,0.0,0.0,0.0,0.0,0.0,0.0,0.0,0.0,0.0,0.0,0.0,,100.0,0.0,0.0,100.0
1768,75.0,138681,S,18227,583.0,150.0,visa,226.0,credit,441.0,87.0,,,gmail.com,1.0,1.0,1.0,1.0,0.0,0.0,0.0,1.0,0.0,1.0,1.0,0.0,1.0,1.0,0.0,,,,,0.0,,0.0,0.0,0.0,0.0,0.0,0.0,0.0,0.0,0.0,0.0,0.0,0.0,0.0,0.0,0.0,0.0
2067,50.0,142236,H,1444,490.0,150.0,visa,166.0,debit,387.0,87.0,,yahoo.com,,1.0,1.0,0.0,0.0,0.0,1.0,0.0,1.0,0.0,1.0,1.0,0.0,1.0,1.0,0.0,,,,,,,0.0,0.0,0.0,0.0,0.0,0.0,0.0,0.0,0.0,0.0,0.0,0.0,0.0,0.0,0.0,0.0
4122,226.0,162412,W,7919,194.0,150.0,mastercard,202.0,debit,472.0,87.0,3.0,aol.com,,2.0,2.0,0.0,0.0,0.0,3.0,0.0,0.0,1.0,0.0,1.0,0.0,5.0,2.0,0.0,,,299.0,298.0,299.0,299.0,0.0,0.0,0.0,0.0,0.0,0.0,0.0,0.0,0.0,0.0,0.0,,0.0,0.0,0.0,0.0
9115,100.0,263674,W,2803,100.0,150.0,visa,226.0,debit,251.0,87.0,,gmail.com,,1.0,1.0,0.0,0.0,1.0,1.0,0.0,0.0,1.0,0.0,1.0,0.0,16.0,1.0,173.0,173.0,13.0,,,173.0,,0.0,0.0,0.0,0.0,0.0,0.0,0.0,0.0,0.0,0.0,0.0,,117.9499969482422,0.0,0.0,117.9499969482422
1578,35.95,135886,W,7919,194.0,150.0,mastercard,202.0,debit,325.0,87.0,,gmail.com,,2.0,2.0,0.0,0.0,1.0,1.0,0.0,0.0,1.0,0.0,2.0,0.0,2.0,2.0,0.0,,,485.0,242.0,0.0,,0.0,0.0,0.0,0.0,0.0,0.0,0.0,0.0,0.0,0.0,0.0,,0.0,0.0,0.0,0.0
872,37.46,106633,C,15257,375.0,185.0,mastercard,224.0,debit,,,,gmail.com,gmail.com,3.0,3.0,0.0,1.0,0.0,1.0,1.0,1.0,0.0,2.0,2.0,2.0,3.0,3.0,0.0,,,235.0,183.0,0.0,,0.0,0.0,0.0,0.0,0.0,0.0,0.0,0.0,0.0,0.0,0.0,,0.0,0.0,0.0,0.0
3465,58.728,155753,C,16136,204.0,185.0,visa,138.0,debit,,,,yahoo.com.mx,yahoo.com.mx,1.0,1.0,0.0,1.0,0.0,1.0,1.0,0.0,0.0,0.0,1.0,1.0,1.0,1.0,0.0,,,,,0.0,,0.0,0.0,0.0,0.0,0.0,0.0,0.0,0.0,0.0,0.0,0.0,,0.0,0.0,0.0,0.0
623,71.477,97725,C,9026,545.0,185.0,visa,137.0,credit,,,,hotmail.com,hotmail.com,1.0,1.0,0.0,1.0,0.0,1.0,1.0,1.0,0.0,1.0,1.0,1.0,0.0,0.0,0.0,,,0.0,,0.0,,0.0,0.0,0.0,0.0,0.0,0.0,0.0,0.0,0.0,0.0,0.0,,0.0,0.0,0.0,0.0
245,37.098,90295,C,13413,103.0,185.0,visa,137.0,credit,,,,hotmail.com,hotmail.com,2.0,1.0,0.0,1.0,0.0,1.0,1.0,1.0,0.0,1.0,1.0,1.0,0.0,0.0,0.0,,,0.0,0.0,0.0,,74.19580078125,74.19580078125,0.0,0.0,0.0,74.19580078125,74.19580078125,74.19580078125,0.0,0.0,0.0,,0.0,0.0,0.0,0.0
8629,100.0,255754,S,2616,327.0,150.0,discover,223.0,credit,123.0,87.0,,,gmail.com,4.0,1.0,0.0,2.0,0.0,0.0,0.0,1.0,0.0,1.0,1.0,0.0,7.0,4.0,3.0,3.0,,,,,,250.0,150.0,0.0,250.0,150.0,0.0,0.0,0.0,0.0,0.0,0.0,0.0,150.0,150.0,0.0,150.0
7471,50.0,239699,H,16659,170.0,150.0,visa,226.0,credit,181.0,87.0,,yahoo.com,,1.0,1.0,0.0,0.0,0.0,1.0,0.0,1.0,0.0,1.0,1.0,0.0,1.0,1.0,0.0,,,,,,,0.0,0.0,0.0,0.0,0.0,0.0,0.0,0.0,0.0,0.0,0.0,0.0,0.0,0.0,0.0,0.0
7500,100.0,240130,W,11207,361.0,150.0,visa,226.0,debit,126.0,87.0,,gmail.com,,1.0,1.0,0.0,0.0,0.0,1.0,0.0,0.0,1.0,0.0,1.0,0.0,5.0,1.0,39.0,39.0,11.0,39.0,11.0,39.0,,0.0,0.0,0.0,0.0,0.0,0.0,0.0,0.0,0.0,0.0,0.0,,50.0,0.0,0.0,50.0
4102,100.0,162177,H,2249,343.0,150.0,visa,195.0,credit,184.0,87.0,,mac.com,,1.0,1.0,0.0,0.0,0.0,1.0,0.0,1.0,0.0,1.0,1.0,0.0,1.0,1.0,0.0,,,,,,,0.0,0.0,0.0,0.0,0.0,0.0,0.0,0.0,0.0,0.0,0.0,0.0,0.0,0.0,0.0,0.0
5527,80.0,177572,W,10112,360.0,150.0,visa,166.0,debit,436.0,87.0,,gmail.com,,7.0,4.0,0.0,0.0,4.0,2.0,0.0,0.0,2.0,0.0,2.0,0.0,27.0,6.0,416.0,416.0,10.0,,,329.0,,0.0,0.0,0.0,0.0,0.0,0.0,0.0,0.0,0.0,0.0,0.0,,90.0,0.0,0.0,90.0
8575,93.95,254998,W,7638,174.0,150.0,visa,166.0,debit,330.0,87.0,9.0,yahoo.com,,119.0,108.0,0.0,0.0,117.0,86.0,0.0,0.0,75.0,0.0,84.0,0.0,400.0,99.0,261.0,261.0,4.0,261.0,4.0,261.0,261.0,82.9000015258789,45.95000076293945,0.0,82.9000015258789,45.95000076293945,0.0,0.0,0.0,0.0,0.0,0.0,,82.9000015258789,45.95000076293945,0.0,82.9000015258789
4123,117.0,162418,W,10658,555.0,150.0,visa,226.0,credit,441.0,87.0,,aol.com,,1.0,1.0,0.0,0.0,0.0,1.0,0.0,0.0,1.0,0.0,1.0,0.0,1.0,1.0,0.0,,,,,0.0,,0.0,0.0,0.0,0.0,0.0,0.0,0.0,0.0,0.0,0.0,0.0,,0.0,0.0,0.0,0.0
4942,159.95,171145,W,7669,455.0,150.0,mastercard,126.0,debit,231.0,87.0,,gmail.com,,3.0,2.0,0.0,0.0,2.0,2.0,0.0,0.0,1.0,0.0,1.0,0.0,7.0,2.0,154.0,154.0,18.0,,,181.0,,0.0,0.0,0.0,0.0,0.0,0.0,0.0,0.0,0.0,0.0,0.0,,57.95000076293945,0.0,0.0,57.95000076293945
6231,103.97,203766,W,2157,111.0,150.0,visa,226.0,debit,272.0,87.0,,aol.com,,161.0,164.0,0.0,0.0,87.0,123.0,0.0,0.0,98.0,0.0,131.0,0.0,511.0,111.0,304.0,304.0,167.0,303.0,1.0,167.0,,0.0,0.0,0.0,0.0,0.0,0.0,0.0,0.0,0.0,0.0,0.0,,0.0,0.0,0.0,0.0
4080,75.0,162030,H,6019,583.0,150.0,visa,226.0,credit,299.0,87.0,,yahoo.com,hotmail.com,3.0,2.0,0.0,1.0,0.0,2.0,0.0,2.0,0.0,2.0,2.0,0.0,1.0,1.0,0.0,,,,,,,0.0,0.0,0.0,0.0,0.0,0.0,0.0,0.0,0.0,0.0,0.0,0.0,0.0,0.0,0.0,0.0
8361,164.95,251943,W,8556,433.0,150.0,visa,226.0,credit,387.0,87.0,,gmail.com,,1.0,1.0,0.0,0.0,1.0,1.0,0.0,0.0,1.0,0.0,1.0,0.0,1.0,1.0,0.0,,,,,0.0,,0.0,0.0,0.0,0.0,0.0,0.0,0.0,0.0,0.0,0.0,0.0,,0.0,0.0,0.0,0.0
8310,44.5,251263,W,11359,555.0,150.0,visa,226.0,debit,269.0,87.0,0.0,,,4.0,3.0,0.0,0.0,0.0,4.0,0.0,0.0,4.0,0.0,2.0,0.0,13.0,3.0,180.0,180.0,0.0,,,169.0,,199.0,199.0,0.0,50.0,50.0,40.0,149.0,149.0,0.0,0.0,0.0,,558.0,449.0,0.0,409.0
315,364.95,91414,W,15813,251.0,150.0,visa,226.0,debit,441.0,87.0,3.0,,,1.0,1.0,0.0,0.0,1.0,0.0,0.0,0.0,1.0,0.0,1.0,0.0,1.0,1.0,0.0,,,,,0.0,0.0,0.0,0.0,0.0,0.0,0.0,0.0,0.0,0.0,0.0,0.0,0.0,,0.0,0.0,0.0,0.0
9420,82.0,269474,W,7919,194.0,150.0,mastercard,166.0,debit,272.0,87.0,,gmail.com,,3.0,3.0,0.0,0.0,0.0,2.0,0.0,0.0,3.0,0.0,3.0,0.0,17.0,3.0,122.0,122.0,30.0,,,121.0,,0.0,0.0,0.0,0.0,0.0,0.0,0.0,0.0,0.0,0.0,0.0,,49.0,0.0,0.0,0.0
6501,134.0,225434,W,15066,170.0,150.0,mastercard,102.0,credit,170.0,87.0,11.0,gmail.com,,3.0,1.0,0.0,0.0,0.0,2.0,0.0,0.0,3.0,0.0,1.0,0.0,14.0,3.0,0.0,,,16.0,2.0,439.0,24.0,0.0,0.0,0.0,0.0,0.0,0.0,0.0,0.0,0.0,0.0,0.0,,0.0,0.0,0.0,0.0
4514,226.0,166378,W,11306,200.0,150.0,visa,226.0,debit,272.0,87.0,,bellsouth.net,,1.0,1.0,0.0,0.0,0.0,1.0,0.0,0.0,0.0,0.0,1.0,0.0,0.0,0.0,0.0,,,,,0.0,,0.0,0.0,0.0,0.0,0.0,0.0,0.0,0.0,0.0,0.0,0.0,,0.0,0.0,0.0,0.0
590,150.0,96820,R,10744,399.0,150.0,american express,133.0,credit,204.0,87.0,,anonymous.com,anonymous.com,1.0,1.0,0.0,1.0,0.0,1.0,0.0,1.0,0.0,1.0,1.0,0.0,1.0,1.0,0.0,,,,,,,0.0,0.0,0.0,0.0,0.0,0.0,0.0,0.0,0.0,0.0,0.0,0.0,0.0,0.0,0.0,0.0
7801,209.95,244131,W,15497,490.0,150.0,visa,226.0,debit,299.0,87.0,,,,3.0,2.0,0.0,0.0,1.0,0.0,0.0,0.0,1.0,0.0,2.0,0.0,6.0,3.0,116.0,116.0,116.0,,,179.0,,0.0,0.0,0.0,0.0,0.0,0.0,0.0,0.0,0.0,0.0,0.0,,0.0,0.0,0.0,0.0
5467,385.67,176700,W,15813,251.0,150.0,visa,226.0,debit,441.0,87.0,8.0,gmail.com,,2.0,2.0,0.0,0.0,1.0,2.0,0.0,0.0,1.0,0.0,1.0,0.0,13.0,2.0,141.0,138.0,28.0,363.0,28.0,363.0,363.0,0.0,0.0,0.0,0.0,0.0,0.0,0.0,0.0,0.0,0.0,0.0,,483.6700134277344,0.0,0.0,483.6700134277344
103,47.95,88184,W,18370,547.0,150.0,visa,226.0,debit,191.0,87.0,31.0,rocketmail.com,,1.0,1.0,0.0,0.0,1.0,1.0,0.0,0.0,1.0,0.0,1.0,0.0,1.0,1.0,0.0,,,0.0,,0.0,0.0,0.0,0.0,0.0,0.0,0.0,0.0,0.0,0.0,0.0,0.0,0.0,,0.0,0.0,0.0,0.0
7966,100.0,246162,W,7970,490.0,150.0,visa,226.0,debit,469.0,87.0,,yahoo.com,,4.0,3.0,0.0,0.0,1.0,3.0,0.0,0.0,2.0,0.0,2.0,0.0,4.0,2.0,44.0,44.0,31.0,31.0,31.0,62.0,,0.0,0.0,0.0,0.0,0.0,0.0,0.0,0.0,0.0,0.0,0.0,,0.0,0.0,0.0,0.0
1261,160.5,129512,W,11839,490.0,150.0,visa,226.0,debit,420.0,87.0,,aol.com,,2.0,2.0,0.0,0.0,0.0,2.0,0.0,0.0,1.0,0.0,1.0,0.0,29.0,1.0,395.0,395.0,27.0,456.0,30.0,395.0,,0.0,0.0,0.0,0.0,0.0,0.0,0.0,0.0,0.0,0.0,0.0,,59.0,0.0,0.0,59.0
7825,70.329,244530,C,4461,375.0,185.0,mastercard,224.0,debit,,,,live.com.mx,live.com.mx,2.0,2.0,0.0,1.0,0.0,1.0,1.0,1.0,0.0,1.0,1.0,1.0,1.0,1.0,0.0,,,,,0.0,,0.0,0.0,0.0,0.0,0.0,0.0,0.0,0.0,0.0,0.0,0.0,,0.0,0.0,0.0,0.0
713,42.95,100159,W,12807,172.0,150.0,visa,226.0,debit,191.0,87.0,15.0,hotmail.com,,2.0,3.0,0.0,0.0,1.0,1.0,0.0,0.0,1.0,0.0,1.0,0.0,5.0,2.0,0.0,,,484.0,131.0,0.0,313.0,0.0,0.0,0.0,0.0,0.0,0.0,0.0,0.0,0.0,0.0,0.0,,0.0,0.0,0.0,0.0
1512,25.0,134758,H,15063,514.0,150.0,visa,226.0,credit,264.0,87.0,,gmail.com,,1.0,1.0,0.0,0.0,0.0,1.0,0.0,1.0,0.0,1.0,1.0,0.0,1.0,1.0,0.0,,,,,,,0.0,0.0,0.0,0.0,0.0,0.0,0.0,0.0,0.0,0.0,0.0,0.0,0.0,0.0,0.0,0.0
3937,82.0,160596,W,7676,512.0,150.0,visa,226.0,debit,299.0,87.0,10.0,sbcglobal.net,,1.0,1.0,0.0,0.0,0.0,1.0,0.0,0.0,1.0,0.0,1.0,0.0,1.0,1.0,0.0,,,,,0.0,322.0,0.0,0.0,0.0,0.0,0.0,0.0,0.0,0.0,0.0,0.0,0.0,,0.0,0.0,0.0,0.0
7396,150.0,238593,W,12467,555.0,150.0,visa,226.0,debit,441.0,87.0,16.0,,,1.0,1.0,0.0,0.0,0.0,2.0,0.0,0.0,1.0,0.0,3.0,0.0,21.0,1.0,197.0,197.0,3.0,,,197.0,,0.0,0.0,0.0,0.0,0.0,0.0,0.0,0.0,0.0,0.0,0.0,,1698.0,120.0,0.0,1418.0
5609,93.0,178800,W,15063,514.0,150.0,visa,226.0,credit,299.0,87.0,25.0,gmail.com,,3.0,1.0,0.0,0.0,1.0,2.0,0.0,0.0,2.0,0.0,2.0,0.0,9.0,3.0,132.0,132.0,9.0,,,343.0,132.0,0.0,0.0,0.0,0.0,0.0,0.0,0.0,0.0,0.0,0.0,0.0,,394.9500122070313,0.0,0.0,394.9500122070313
6681,261.95,228553,W,2616,327.0,150.0,discover,102.0,credit,264.0,87.0,4.0,,,1.0,1.0,0.0,0.0,1.0,0.0,0.0,0.0,2.0,0.0,2.0,0.0,16.0,1.0,284.0,284.0,21.0,,,284.0,,0.0,0.0,0.0,0.0,0.0,0.0,0.0,0.0,0.0,0.0,0.0,,261.95001220703125,0.0,0.0,261.95001220703125
2287,40.0,144641,W,8394,490.0,150.0,visa,226.0,debit,325.0,87.0,,aol.com,,1.0,1.0,0.0,0.0,0.0,1.0,0.0,0.0,3.0,0.0,1.0,0.0,16.0,1.0,477.0,477.0,32.0,477.0,32.0,477.0,,0.0,0.0,0.0,0.0,0.0,0.0,0.0,0.0,0.0,0.0,0.0,,0.0,0.0,0.0,0.0
7204,74.075,236398,C,3867,130.0,185.0,visa,226.0,credit,,,,hotmail.com,hotmail.com,2.0,2.0,0.0,1.0,0.0,1.0,1.0,0.0,0.0,0.0,1.0,1.0,0.0,0.0,0.0,,,,,0.0,,0.0,0.0,0.0,0.0,0.0,0.0,0.0,0.0,0.0,0.0,0.0,,0.0,0.0,0.0,0.0
9417,28.397,269391,C,5812,408.0,185.0,mastercard,224.0,debit,,,,hotmail.com,hotmail.com,4.0,33.0,0.0,4.0,0.0,4.0,4.0,7.0,0.0,6.0,7.0,7.0,27.0,4.0,265.0,265.0,39.0,265.0,39.0,0.0,,0.0,0.0,0.0,0.0,0.0,0.0,0.0,0.0,0.0,0.0,0.0,,0.0,0.0,0.0,0.0
6005,13.95,188276,W,13893,321.0,150.0,visa,166.0,debit,485.0,87.0,,yahoo.com,,6.0,6.0,0.0,0.0,1.0,3.0,0.0,0.0,4.0,0.0,5.0,0.0,10.0,4.0,62.0,62.0,30.0,195.0,30.0,30.0,,0.0,0.0,0.0,0.0,0.0,0.0,0.0,0.0,0.0,0.0,0.0,,0.0,0.0,0.0,0.0
9393,50.0,268740,W,14858,558.0,150.0,visa,226.0,debit,325.0,87.0,,anonymous.com,,1.0,1.0,0.0,0.0,0.0,1.0,0.0,0.0,1.0,0.0,1.0,0.0,8.0,1.0,376.0,376.0,44.0,348.0,44.0,375.0,,0.0,0.0,0.0,0.0,0.0,0.0,0.0,0.0,0.0,0.0,0.0,,0.0,0.0,0.0,0.0
4504,49.0,166302,W,12544,321.0,150.0,visa,226.0,debit,184.0,87.0,,gmail.com,,1.0,1.0,0.0,0.0,0.0,1.0,0.0,0.0,0.0,0.0,1.0,0.0,1.0,1.0,180.0,180.0,,,,0.0,,0.0,0.0,0.0,0.0,0.0,0.0,0.0,0.0,0.0,0.0,0.0,,0.0,0.0,0.0,0.0
5062,25.0,172233,H,2157,111.0,150.0,visa,226.0,debit,272.0,87.0,,gmail.com,gmail.com,1.0,1.0,0.0,1.0,0.0,1.0,0.0,1.0,0.0,1.0,1.0,0.0,0.0,0.0,0.0,,,,,,,25.0,25.0,0.0,0.0,0.0,25.0,25.0,25.0,0.0,0.0,0.0,0.0,25.0,25.0,0.0,0.0
3857,35.95,159820,W,2803,100.0,150.0,visa,226.0,debit,272.0,87.0,,,,8.0,5.0,0.0,0.0,8.0,3.0,0.0,0.0,2.0,0.0,3.0,0.0,17.0,8.0,44.0,44.0,25.0,,,90.0,,0.0,0.0,0.0,0.0,0.0,0.0,0.0,0.0,0.0,0.0,0.0,,35.95000076293945,0.0,0.0,0.0
9340,52.95,267727,W,13307,428.0,150.0,visa,166.0,debit,272.0,87.0,,gmail.com,,2.0,2.0,0.0,0.0,1.0,2.0,0.0,0.0,2.0,0.0,2.0,0.0,2.0,2.0,0.0,,,,,0.0,,0.0,0.0,0.0,0.0,0.0,0.0,0.0,0.0,0.0,0.0,0.0,,0.0,0.0,0.0,0.0
304,554.0,91244,W,8528,215.0,150.0,visa,226.0,debit,251.0,87.0,2.0,hotmail.com,,1.0,1.0,0.0,0.0,0.0,1.0,0.0,0.0,1.0,0.0,1.0,0.0,1.0,1.0,0.0,,,0.0,,0.0,189.0,0.0,0.0,0.0,0.0,0.0,0.0,0.0,0.0,0.0,0.0,0.0,,0.0,0.0,0.0,0.0
850,100.0,105691,H,5645,481.0,150.0,mastercard,197.0,credit,264.0,87.0,,yahoo.com,,1.0,1.0,0.0,0.0,0.0,1.0,0.0,1.0,0.0,1.0,1.0,0.0,1.0,1.0,0.0,,,,,,,0.0,0.0,0.0,0.0,0.0,0.0,0.0,0.0,0.0,0.0,0.0,0.0,0.0,0.0,0.0,0.0
2910,56.5,150709,W,13234,298.0,150.0,visa,226.0,debit,204.0,87.0,65.0,yahoo.com,,1.0,1.0,0.0,0.0,0.0,1.0,0.0,0.0,1.0,0.0,1.0,0.0,2.0,1.0,4.0,4.0,4.0,,,4.0,,0.0,0.0,0.0,0.0,0.0,0.0,0.0,0.0,0.0,0.0,0.0,,53.25,53.25,0.0,53.25
8267,633.92,250589,W,2455,321.0,150.0,visa,226.0,credit,158.0,87.0,,hotmail.com,,1.0,1.0,0.0,0.0,0.0,1.0,0.0,0.0,1.0,0.0,1.0,0.0,5.0,1.0,18.0,18.0,0.0,,,18.0,,600.0,600.0,600.0,600.0,600.0,0.0,0.0,0.0,0.0,0.0,0.0,,1959.780029296875,600.0,600.0,1477.3800048828125
3999,110.085,161291,C,5713,168.0,144.0,visa,147.0,credit,,,,gmail.com,gmail.com,1.0,2.0,0.0,1.0,0.0,1.0,1.0,2.0,0.0,2.0,2.0,2.0,2.0,1.0,7.0,7.0,8.0,,,0.0,,0.0,0.0,0.0,0.0,0.0,0.0,0.0,0.0,0.0,0.0,0.0,,60.17829895019531,0.0,0.0,60.17829895019531
1941,125.0,140841,W,15066,170.0,150.0,mastercard,102.0,credit,126.0,87.0,,aol.com,,1.0,1.0,0.0,0.0,0.0,1.0,0.0,0.0,0.0,0.0,1.0,0.0,4.0,1.0,16.0,16.0,6.0,16.0,6.0,16.0,,408.5,120.0,0.0,408.5,120.0,0.0,0.0,0.0,0.0,0.0,0.0,,408.5,120.0,0.0,408.5
303,1351.55,91220,W,11106,100.0,150.0,visa,226.0,credit,337.0,87.0,3.0,gmail.com,,1.0,1.0,0.0,0.0,1.0,1.0,0.0,0.0,1.0,0.0,1.0,0.0,1.0,1.0,0.0,,,0.0,,0.0,0.0,0.0,0.0,0.0,0.0,0.0,0.0,0.0,0.0,0.0,0.0,0.0,,0.0,0.0,0.0,0.0
4081,138.0,162046,W,4030,174.0,150.0,visa,226.0,debit,126.0,87.0,10.0,gmail.com,,2.0,2.0,0.0,0.0,0.0,6.0,0.0,0.0,2.0,0.0,2.0,0.0,8.0,2.0,252.0,41.0,10.0,,,42.0,,0.0,0.0,0.0,0.0,0.0,0.0,0.0,0.0,0.0,0.0,0.0,,890.5,0.0,0.0,153.0
4003,227.17,161371,W,7410,555.0,150.0,mastercard,117.0,debit,343.0,87.0,232.0,gmail.com,,1.0,1.0,0.0,0.0,0.0,1.0,0.0,0.0,2.0,0.0,1.0,0.0,26.0,1.0,0.0,,0.0,266.0,0.0,266.0,266.0,400.0,400.0,0.0,0.0,0.0,0.0,0.0,0.0,400.0,400.0,400.0,,400.0,400.0,0.0,0.0
3410,108.5,155209,W,8406,264.0,150.0,visa,226.0,debit,143.0,87.0,,gmail.com,,3.0,1.0,0.0,0.0,1.0,2.0,0.0,0.0,1.0,0.0,1.0,0.0,7.0,2.0,284.0,284.0,0.0,,,473.0,,351.0,351.0,0.0,0.0,0.0,351.0,351.0,351.0,0.0,0.0,0.0,,117.0,117.0,0.0,0.0
4771,171.0,169258,W,17756,543.0,150.0,mastercard,224.0,debit,324.0,87.0,11.0,anonymous.com,,43.0,30.0,0.0,0.0,18.0,20.0,0.0,0.0,18.0,0.0,24.0,0.0,88.0,30.0,0.0,,,,,206.0,,0.0,0.0,0.0,0.0,0.0,0.0,0.0,0.0,0.0,0.0,0.0,,0.0,0.0,0.0,0.0
8518,125.0,254145,W,7207,111.0,150.0,visa,226.0,debit,204.0,87.0,,yahoo.com,,2.0,2.0,0.0,0.0,0.0,1.0,0.0,0.0,1.0,0.0,1.0,0.0,2.0,1.0,13.0,13.0,13.0,,,13.0,,0.0,0.0,0.0,0.0,0.0,0.0,0.0,0.0,0.0,0.0,0.0,,335.0,0.0,0.0,335.0
1965,15.226,141103,C,9300,103.0,185.0,visa,138.0,debit,,,,gmail.com,gmail.com,2.0,2.0,0.0,1.0,0.0,1.0,1.0,1.0,0.0,2.0,1.0,1.0,1.0,1.0,0.0,,,3.0,3.0,0.0,,0.0,0.0,0.0,0.0,0.0,0.0,0.0,0.0,0.0,0.0,0.0,,0.0,0.0,0.0,0.0
8413,25.0,252710,H,10486,514.0,150.0,mastercard,219.0,credit,498.0,87.0,,gmail.com,,1.0,1.0,0.0,0.0,0.0,1.0,0.0,1.0,0.0,1.0,1.0,0.0,1.0,1.0,0.0,,,,,,,0.0,0.0,0.0,0.0,0.0,0.0,0.0,0.0,0.0,0.0,0.0,0.0,0.0,0.0,0.0,0.0
8284,100.0,250886,W,7826,481.0,150.0,mastercard,224.0,debit,387.0,87.0,,yahoo.com,,1.0,1.0,0.0,0.0,0.0,1.0,0.0,0.0,1.0,0.0,1.0,0.0,4.0,1.0,15.0,15.0,4.0,,,16.0,,0.0,0.0,0.0,0.0,0.0,0.0,0.0,0.0,0.0,0.0,0.0,,279.5,100.0,0.0,279.5
7155,40.0,235671,W,2356,143.0,150.0,visa,226.0,debit,205.0,87.0,,anonymous.com,,1.0,3.0,0.0,0.0,1.0,1.0,0.0,0.0,1.0,0.0,1.0,0.0,9.0,1.0,442.0,442.0,48.0,,,55.0,,0.0,0.0,0.0,0.0,0.0,0.0,0.0,0.0,0.0,0.0,0.0,,0.0,0.0,0.0,0.0
8403,59.0,252582,W,7919,194.0,150.0,mastercard,166.0,debit,272.0,87.0,,,,3.0,2.0,0.0,0.0,0.0,1.0,0.0,0.0,1.0,0.0,1.0,0.0,2.0,2.0,0.0,,0.0,,,0.0,,59.0,59.0,0.0,0.0,0.0,0.0,0.0,0.0,59.0,59.0,59.0,,59.0,59.0,0.0,0.0
7618,117.0,241839,W,15063,514.0,150.0,visa,226.0,credit,204.0,87.0,,icloud.com,,1.0,1.0,0.0,0.0,0.0,1.0,0.0,0.0,2.0,0.0,1.0,0.0,2.0,1.0,4.0,4.0,0.0,4.0,0.0,4.0,,117.0,117.0,0.0,0.0,0.0,117.0,117.0,117.0,0.0,0.0,0.0,,234.0,234.0,0.0,117.0
6685,104.47,228615,W,14432,481.0,150.0,mastercard,102.0,credit,310.0,87.0,,gmail.com,,2.0,1.0,0.0,0.0,2.0,1.0,0.0,0.0,0.0,0.0,1.0,0.0,9.0,2.0,45.0,45.0,13.0,,,55.0,,0.0,0.0,0.0,0.0,0.0,0.0,0.0,0.0,0.0,0.0,0.0,,295.7900085449219,0.0,0.0,295.7900085449219
5544,6.888,177896,C,4461,375.0,185.0,mastercard,224.0,debit,,,,hotmail.com,hotmail.com,1.0,5.0,0.0,1.0,0.0,1.0,1.0,3.0,0.0,4.0,1.0,1.0,5.0,1.0,316.0,316.0,95.0,,,0.0,,0.0,0.0,0.0,0.0,0.0,0.0,0.0,0.0,0.0,0.0,0.0,,0.0,0.0,0.0,0.0
6409,50.0,223148,S,12583,404.0,150.0,mastercard,102.0,credit,330.0,87.0,,,aol.com,1.0,1.0,1.0,1.0,0.0,0.0,0.0,1.0,0.0,1.0,1.0,0.0,1.0,1.0,0.0,,,,,,,0.0,0.0,0.0,0.0,0.0,0.0,0.0,0.0,0.0,0.0,0.0,0.0,0.0,0.0,0.0,0.0
3787,50.0,158959,W,9112,250.0,150.0,visa,226.0,debit,184.0,87.0,,,,9.0,7.0,0.0,0.0,1.0,6.0,0.0,0.0,5.0,0.0,7.0,0.0,14.0,5.0,119.0,119.0,59.0,,,390.0,,0.0,0.0,0.0,0.0,0.0,0.0,0.0,0.0,0.0,0.0,0.0,,0.0,0.0,0.0,0.0
101,25.0,88174,H,4523,423.0,150.0,visa,226.0,debit,337.0,87.0,,yahoo.com,,1.0,1.0,0.0,0.0,0.0,1.0,0.0,1.0,0.0,1.0,1.0,0.0,1.0,1.0,0.0,,,,,,,0.0,0.0,0.0,0.0,0.0,0.0,0.0,0.0,0.0,0.0,0.0,0.0,0.0,0.0,0.0,0.0
3703,156.0,158049,W,12544,321.0,150.0,visa,226.0,debit,184.0,87.0,2.0,,,2.0,2.0,0.0,0.0,0.0,1.0,0.0,0.0,2.0,0.0,2.0,0.0,15.0,2.0,303.0,303.0,30.0,,,0.0,,0.0,0.0,0.0,0.0,0.0,0.0,0.0,0.0,0.0,0.0,0.0,,0.0,0.0,0.0,0.0
6021,141.0,188877,W,7919,194.0,150.0,mastercard,166.0,debit,181.0,87.0,,,,2.0,2.0,0.0,0.0,0.0,0.0,0.0,0.0,1.0,0.0,1.0,0.0,10.0,2.0,59.0,59.0,46.0,,,91.0,,0.0,0.0,0.0,0.0,0.0,0.0,0.0,0.0,0.0,0.0,0.0,,0.0,0.0,0.0,0.0
6266,50.0,213822,W,7919,194.0,150.0,mastercard,202.0,debit,315.0,87.0,,,,2.0,2.0,0.0,0.0,1.0,1.0,0.0,0.0,1.0,0.0,2.0,0.0,7.0,2.0,261.0,261.0,51.0,,,261.0,,0.0,0.0,0.0,0.0,0.0,0.0,0.0,0.0,0.0,0.0,0.0,,0.0,0.0,0.0,0.0
9176,30.0,264538,H,9705,555.0,150.0,mastercard,224.0,debit,264.0,87.0,,icloud.com,icloud.com,1.0,1.0,0.0,1.0,0.0,1.0,0.0,1.0,0.0,1.0,1.0,0.0,1.0,1.0,0.0,,,,,0.0,,0.0,0.0,0.0,0.0,0.0,0.0,0.0,0.0,0.0,0.0,0.0,0.0,0.0,0.0,0.0,0.0
3061,15.0,151994,W,10057,225.0,150.0,mastercard,224.0,debit,272.0,87.0,595.0,gmail.com,,1.0,2.0,0.0,0.0,0.0,1.0,0.0,0.0,1.0,0.0,1.0,0.0,7.0,1.0,91.0,91.0,1.0,92.0,1.0,21.0,92.0,59.0,30.0,30.0,59.0,30.0,0.0,0.0,0.0,0.0,0.0,0.0,,108.0,30.0,30.0,59.0
5605,15.709,178736,C,15885,545.0,185.0,visa,138.0,debit,,,,hotmail.com,hotmail.com,1.0,1.0,0.0,1.0,0.0,1.0,1.0,1.0,0.0,1.0,1.0,1.0,1.0,1.0,0.0,,,,,0.0,,0.0,0.0,0.0,0.0,0.0,0.0,0.0,0.0,0.0,0.0,0.0,,0.0,0.0,0.0,0.0
9644,35.95,279990,W,7950,543.0,150.0,mastercard,224.0,debit,143.0,87.0,,,,4.0,4.0,0.0,0.0,1.0,2.0,0.0,0.0,1.0,0.0,4.0,0.0,12.0,3.0,215.0,215.0,30.0,,,182.0,,0.0,0.0,0.0,0.0,0.0,0.0,0.0,0.0,0.0,0.0,0.0,,0.0,0.0,0.0,0.0
388,22.97,92667,W,15989,,150.0,visa,166.0,debit,177.0,87.0,,gmail.com,,3.0,1.0,0.0,0.0,2.0,1.0,0.0,0.0,0.0,0.0,1.0,0.0,3.0,3.0,146.0,,0.0,385.0,0.0,385.0,,25.95000076293945,25.95000076293945,0.0,0.0,0.0,25.95000076293945,25.95000076293945,25.95000076293945,0.0,0.0,0.0,,25.95000076293945,25.95000076293945,0.0,0.0
8618,25.95,255494,W,1132,555.0,150.0,visa,226.0,debit,420.0,87.0,1.0,ymail.com,,3.0,3.0,0.0,0.0,1.0,3.0,0.0,0.0,3.0,0.0,3.0,0.0,4.0,3.0,9.0,9.0,9.0,,,9.0,,0.0,0.0,0.0,0.0,0.0,0.0,0.0,0.0,0.0,0.0,0.0,,30.95000076293945,0.0,0.0,30.95000076293945
1071,60.0,116455,W,7919,194.0,150.0,mastercard,202.0,debit,337.0,87.0,,yahoo.com,,4.0,2.0,0.0,0.0,0.0,1.0,0.0,0.0,2.0,0.0,2.0,0.0,10.0,3.0,28.0,28.0,0.0,435.0,0.0,28.0,,204.0,120.0,0.0,84.0,0.0,0.0,0.0,0.0,120.0,120.0,120.0,,281.0,197.0,0.0,84.0
761,78.95,101385,W,17188,321.0,150.0,visa,226.0,debit,225.0,87.0,,,,1.0,1.0,0.0,0.0,1.0,0.0,0.0,0.0,0.0,0.0,1.0,0.0,1.0,1.0,0.0,,,,,0.0,,0.0,0.0,0.0,0.0,0.0,0.0,0.0,0.0,0.0,0.0,0.0,,0.0,0.0,0.0,0.0
742,159.95,100784,W,15385,111.0,150.0,mastercard,224.0,debit,441.0,87.0,2.0,gmail.com,,4.0,1.0,0.0,0.0,3.0,2.0,0.0,0.0,1.0,0.0,1.0,0.0,5.0,3.0,24.0,24.0,7.0,24.0,0.0,27.0,27.0,1239.6500244140625,525.8499755859375,209.9499969482422,605.8499755859375,209.9499969482422,107.9499969482422,525.8499755859375,315.8999938964844,0.0,107.9499969482422,0.0,,555.9000244140625,207.9499969482422,0.0,347.95001220703125
3006,27.0,151516,W,7562,170.0,150.0,mastercard,102.0,credit,123.0,87.0,30.0,anonymous.com,,2.0,1.0,0.0,0.0,0.0,1.0,0.0,0.0,1.0,0.0,1.0,0.0,3.0,2.0,8.0,8.0,8.0,,,8.0,,0.0,0.0,0.0,0.0,0.0,0.0,0.0,0.0,0.0,0.0,0.0,,98.0,0.0,0.0,49.0
450,15.0,93894,W,6550,,150.0,visa,226.0,debit,441.0,87.0,9.0,yahoo.com,,1.0,1.0,0.0,0.0,0.0,1.0,0.0,0.0,1.0,0.0,1.0,0.0,1.0,1.0,0.0,,,0.0,,0.0,47.0,0.0,0.0,0.0,0.0,0.0,0.0,0.0,0.0,0.0,0.0,0.0,,0.0,0.0,0.0,0.0
9989,31.95,312950,W,1546,111.0,150.0,visa,226.0,debit,204.0,87.0,4.0,anonymous.com,,116.0,98.0,0.0,0.0,162.0,81.0,0.0,0.0,68.0,0.0,69.0,0.0,592.0,102.0,90.0,90.0,30.0,182.0,30.0,487.0,275.0,0.0,0.0,0.0,0.0,0.0,0.0,0.0,0.0,0.0,0.0,0.0,,71.9000015258789,0.0,0.0,71.9000015258789
1183,159.95,126072,W,1974,111.0,150.0,visa,226.0,debit,184.0,87.0,17.0,,,4.0,2.0,0.0,0.0,2.0,2.0,0.0,0.0,3.0,0.0,3.0,0.0,8.0,3.0,0.0,,,,,448.0,356.0,0.0,0.0,0.0,0.0,0.0,0.0,0.0,0.0,0.0,0.0,0.0,,0.0,0.0,0.0,0.0
952,107.95,109503,W,7919,194.0,150.0,mastercard,202.0,debit,315.0,87.0,176.0,gmail.com,,2.0,2.0,0.0,0.0,1.0,1.0,0.0,0.0,2.0,0.0,1.0,0.0,2.0,2.0,0.0,,,29.0,29.0,0.0,0.0,0.0,0.0,0.0,0.0,0.0,0.0,0.0,0.0,0.0,0.0,0.0,,0.0,0.0,0.0,0.0
80,60.0,87856,W,7207,111.0,150.0,visa,226.0,debit,204.0,87.0,,comcast.net,,2.0,1.0,0.0,0.0,1.0,1.0,0.0,0.0,1.0,0.0,1.0,0.0,9.0,2.0,0.0,,,456.0,32.0,456.0,0.0,0.0,0.0,0.0,0.0,0.0,0.0,0.0,0.0,0.0,0.0,0.0,,0.0,0.0,0.0,0.0
8174,117.0,249013,W,11207,361.0,150.0,visa,226.0,debit,476.0,87.0,9.0,gmail.com,,8.0,6.0,0.0,0.0,4.0,6.0,0.0,0.0,5.0,0.0,4.0,0.0,26.0,7.0,127.0,127.0,0.0,,,299.0,,117.0,117.0,0.0,0.0,0.0,0.0,0.0,0.0,117.0,117.0,117.0,,117.0,117.0,0.0,0.0
577,6.477,96504,C,5812,408.0,185.0,mastercard,224.0,debit,,,,hotmail.com,hotmail.com,2.0,12.0,0.0,3.0,0.0,3.0,3.0,7.0,0.0,11.0,5.0,5.0,10.0,2.0,126.0,,125.0,0.0,,0.0,,0.0,0.0,0.0,0.0,0.0,0.0,0.0,0.0,0.0,0.0,0.0,,0.0,0.0,0.0,0.0
7821,35.95,244432,W,8320,476.0,150.0,visa,166.0,debit,330.0,87.0,,gmail.com,,3.0,2.0,0.0,0.0,3.0,2.0,0.0,0.0,0.0,0.0,2.0,0.0,5.0,3.0,0.0,,0.0,142.0,0.0,142.0,,0.0,0.0,0.0,0.0,0.0,0.0,0.0,0.0,0.0,0.0,0.0,,47.95000076293945,47.95000076293945,0.0,0.0
1147,108.43,123590,W,7508,321.0,150.0,visa,226.0,debit,158.0,87.0,30.0,hotmail.com,,3.0,4.0,0.0,0.0,1.0,1.0,0.0,0.0,1.0,0.0,2.0,0.0,29.0,2.0,27.0,27.0,13.0,483.0,13.0,0.0,415.0,0.0,0.0,0.0,0.0,0.0,0.0,0.0,0.0,0.0,0.0,0.0,,188.42999267578125,0.0,0.0,188.42999267578125
2260,50.0,144345,H,15757,322.0,150.0,visa,195.0,debit,299.0,87.0,,anonymous.com,,1.0,2.0,0.0,0.0,0.0,1.0,0.0,1.0,0.0,1.0,1.0,0.0,1.0,1.0,0.0,,,,,,,0.0,0.0,0.0,0.0,0.0,0.0,0.0,0.0,0.0,0.0,0.0,0.0,50.0,50.0,0.0,0.0
3,50.0,86499,W,18132,567.0,150.0,mastercard,117.0,debit,476.0,87.0,,yahoo.com,,2.0,5.0,0.0,0.0,0.0,4.0,0.0,0.0,1.0,0.0,1.0,0.0,25.0,1.0,112.0,112.0,0.0,94.0,0.0,84.0,,1758.0,925.0,0.0,354.0,135.0,50.0,1404.0,790.0,0.0,0.0,0.0,,1758.0,925.0,0.0,354.0
1683,35.95,137598,W,7919,194.0,150.0,mastercard,202.0,debit,325.0,87.0,11.0,gmail.com,,1.0,2.0,0.0,0.0,2.0,1.0,0.0,0.0,1.0,0.0,1.0,0.0,1.0,1.0,0.0,,0.0,0.0,0.0,0.0,0.0,0.0,0.0,0.0,0.0,0.0,0.0,0.0,0.0,0.0,0.0,0.0,,46.95000076293945,46.95000076293945,0.0,0.0
8,15.0,86535,H,2803,100.0,150.0,visa,226.0,debit,337.0,87.0,,anonymous.com,,1.0,1.0,0.0,0.0,0.0,1.0,0.0,1.0,0.0,1.0,1.0,0.0,1.0,1.0,0.0,,,,,,,0.0,0.0,0.0,0.0,0.0,0.0,0.0,0.0,0.0,0.0,0.0,0.0,0.0,0.0,0.0,0.0
7620,59.95,241873,W,12577,268.0,150.0,visa,166.0,debit,204.0,87.0,1.0,gmail.com,,3.0,2.0,0.0,0.0,3.0,1.0,0.0,0.0,1.0,0.0,1.0,0.0,5.0,3.0,44.0,44.0,45.0,,,45.0,,0.0,0.0,0.0,0.0,0.0,0.0,0.0,0.0,0.0,0.0,0.0,,0.0,0.0,0.0,0.0
4516,117.0,166387,W,5674,555.0,150.0,visa,226.0,debit,476.0,87.0,,,,1.0,1.0,0.0,0.0,0.0,0.0,0.0,0.0,1.0,0.0,1.0,0.0,1.0,1.0,0.0,,,,,0.0,,0.0,0.0,0.0,0.0,0.0,0.0,0.0,0.0,0.0,0.0,0.0,,0.0,0.0,0.0,0.0
6292,171.0,216935,W,16132,111.0,150.0,visa,226.0,debit,299.0,87.0,39.0,yahoo.com,,1.0,1.0,0.0,0.0,0.0,1.0,0.0,0.0,1.0,0.0,1.0,0.0,0.0,0.0,0.0,,,0.0,,0.0,0.0,0.0,0.0,0.0,0.0,0.0,0.0,0.0,0.0,0.0,0.0,0.0,,0.0,0.0,0.0,0.0
4851,35.95,170134,W,2157,111.0,150.0,visa,226.0,debit,272.0,87.0,3.0,aol.com,,2.0,1.0,0.0,0.0,2.0,1.0,0.0,0.0,1.0,0.0,1.0,0.0,2.0,2.0,0.0,,,,,15.0,,0.0,0.0,0.0,0.0,0.0,0.0,0.0,0.0,0.0,0.0,0.0,,0.0,0.0,0.0,0.0
9217,411.0,265254,W,14813,165.0,150.0,mastercard,224.0,debit,122.0,87.0,2.0,,,4.0,1.0,0.0,0.0,2.0,0.0,0.0,0.0,1.0,0.0,2.0,0.0,10.0,4.0,75.0,75.0,25.0,,,82.0,,0.0,0.0,0.0,0.0,0.0,0.0,0.0,0.0,0.0,0.0,0.0,,311.95001220703125,0.0,0.0,311.95001220703125
9791,105.95,303341,W,1546,111.0,150.0,visa,226.0,debit,204.0,87.0,,aol.com,,2.0,3.0,0.0,0.0,3.0,2.0,0.0,0.0,1.0,0.0,2.0,0.0,15.0,2.0,469.0,469.0,134.0,,,469.0,,0.0,0.0,0.0,0.0,0.0,0.0,0.0,0.0,0.0,0.0,0.0,,0.0,0.0,0.0,0.0
47,15.0,87285,W,4208,490.0,150.0,visa,195.0,debit,126.0,87.0,,anonymous.com,,1.0,1.0,0.0,0.0,0.0,1.0,0.0,0.0,1.0,0.0,1.0,0.0,2.0,1.0,108.0,108.0,107.0,107.0,107.0,107.0,,0.0,0.0,0.0,0.0,0.0,0.0,0.0,0.0,0.0,0.0,0.0,,0.0,0.0,0.0,0.0
2417,57.95,145938,W,10112,360.0,150.0,visa,166.0,debit,264.0,87.0,,gmail.com,,2.0,2.0,0.0,0.0,1.0,2.0,0.0,0.0,0.0,0.0,2.0,0.0,2.0,2.0,0.0,,,,,0.0,,0.0,0.0,0.0,0.0,0.0,0.0,0.0,0.0,0.0,0.0,0.0,,0.0,0.0,0.0,0.0
8537,34.95,254462,W,15066,170.0,150.0,mastercard,102.0,credit,325.0,87.0,3.0,gmail.com,,3.0,1.0,0.0,0.0,1.0,3.0,0.0,0.0,1.0,0.0,1.0,0.0,2.0,2.0,0.0,,,,,30.0,,0.0,0.0,0.0,0.0,0.0,0.0,0.0,0.0,0.0,0.0,0.0,,0.0,0.0,0.0,0.0
5128,50.0,172878,W,9500,321.0,150.0,visa,226.0,debit,126.0,87.0,,aol.com,,2.0,1.0,0.0,0.0,0.0,1.0,0.0,0.0,2.0,0.0,1.0,0.0,8.0,2.0,87.0,87.0,1.0,300.0,1.0,300.0,,0.0,0.0,0.0,0.0,0.0,0.0,0.0,0.0,0.0,0.0,0.0,,81.0,81.0,43.0,81.0
2627,54.5,147912,W,17055,393.0,150.0,mastercard,117.0,debit,472.0,87.0,22.0,gmail.com,,2.0,1.0,0.0,0.0,0.0,1.0,0.0,0.0,1.0,0.0,1.0,0.0,0.0,0.0,0.0,,,,,0.0,,54.5,54.5,0.0,0.0,0.0,0.0,0.0,0.0,54.5,54.5,54.5,,0.0,0.0,0.0,0.0
7051,42.95,234325,W,1279,237.0,150.0,mastercard,224.0,debit,181.0,87.0,,gmail.com,,2.0,2.0,0.0,0.0,1.0,2.0,0.0,0.0,0.0,0.0,2.0,0.0,11.0,2.0,0.0,,,0.0,,0.0,,0.0,0.0,0.0,0.0,0.0,0.0,0.0,0.0,0.0,0.0,0.0,,0.0,0.0,0.0,0.0
8897,57.95,260060,W,11150,216.0,150.0,visa,226.0,debit,225.0,87.0,,yahoo.com,,2.0,2.0,0.0,0.0,1.0,1.0,0.0,0.0,0.0,0.0,2.0,0.0,9.0,2.0,88.0,88.0,11.0,,,87.0,,0.0,0.0,0.0,0.0,0.0,0.0,0.0,0.0,0.0,0.0,0.0,,115.9000015258789,0.0,0.0,115.9000015258789
8142,60.0,248499,W,18178,598.0,150.0,mastercard,224.0,debit,177.0,87.0,,yahoo.com,,1.0,1.0,0.0,0.0,0.0,1.0,0.0,0.0,1.0,0.0,1.0,0.0,6.0,1.0,31.0,31.0,7.0,31.0,7.0,31.0,,0.0,0.0,0.0,0.0,0.0,0.0,0.0,0.0,0.0,0.0,0.0,,541.0,60.0,0.0,541.0
4386,15.0,165114,H,4717,321.0,150.0,visa,226.0,debit,337.0,87.0,,icloud.com,gmail.com,1.0,1.0,0.0,1.0,0.0,1.0,0.0,1.0,0.0,1.0,1.0,0.0,1.0,1.0,0.0,,,,,,,0.0,0.0,0.0,0.0,0.0,0.0,0.0,0.0,0.0,0.0,0.0,0.0,0.0,0.0,0.0,0.0
5503,50.0,177245,R,1865,520.0,150.0,american express,190.0,credit,126.0,87.0,,live.com,anonymous.com,1.0,1.0,0.0,1.0,0.0,1.0,0.0,1.0,0.0,1.0,1.0,0.0,1.0,1.0,0.0,,,,,,,0.0,0.0,0.0,0.0,0.0,0.0,0.0,0.0,0.0,0.0,0.0,0.0,0.0,0.0,0.0,0.0
3399,209.95,155166,W,7826,481.0,150.0,mastercard,224.0,debit,387.0,87.0,10.0,,,5.0,2.0,0.0,0.0,3.0,1.0,0.0,0.0,4.0,0.0,3.0,0.0,47.0,4.0,469.0,469.0,4.0,,,361.0,396.0,0.0,0.0,0.0,0.0,0.0,0.0,0.0,0.0,0.0,0.0,0.0,,499.8699951171875,30.95000076293945,0.0,499.8699951171875
3550,107.95,156638,W,7676,512.0,150.0,visa,226.0,debit,299.0,87.0,9.0,gmail.com,,2.0,3.0,0.0,0.0,2.0,1.0,0.0,0.0,2.0,0.0,2.0,0.0,24.0,2.0,473.0,473.0,15.0,454.0,15.0,424.0,415.0,0.0,0.0,0.0,0.0,0.0,0.0,0.0,0.0,0.0,0.0,0.0,,107.9499969482422,0.0,0.0,107.9499969482422
8239,160.5,250094,W,16659,170.0,150.0,visa,226.0,credit,441.0,87.0,7.0,yahoo.com,,1.0,1.0,0.0,0.0,0.0,1.0,0.0,0.0,1.0,0.0,1.0,0.0,1.0,1.0,0.0,,,,,0.0,,0.0,0.0,0.0,0.0,0.0,0.0,0.0,0.0,0.0,0.0,0.0,,0.0,0.0,0.0,0.0
7744,53.95,243517,W,4806,490.0,150.0,visa,226.0,debit,315.0,87.0,,ymail.com,,3.0,4.0,0.0,0.0,2.0,4.0,0.0,0.0,1.0,0.0,2.0,0.0,27.0,3.0,416.0,416.0,25.0,,,26.0,,0.0,0.0,0.0,0.0,0.0,0.0,0.0,0.0,0.0,0.0,0.0,,1590.699951171875,0.0,0.0,654.8499755859375
360,226.0,92221,W,2616,,150.0,discover,102.0,credit,251.0,87.0,0.0,gmail.com,,1.0,1.0,0.0,0.0,0.0,1.0,0.0,0.0,1.0,0.0,2.0,0.0,1.0,1.0,4.0,4.0,3.0,3.0,3.0,3.0,3.0,171.0,171.0,0.0,171.0,171.0,0.0,0.0,0.0,0.0,0.0,0.0,,171.0,171.0,0.0,171.0
6906,92.0,232254,W,2607,555.0,150.0,visa,226.0,debit,299.0,87.0,1737.0,anonymous.com,,4.0,3.0,0.0,0.0,0.0,2.0,0.0,0.0,3.0,0.0,2.0,0.0,4.0,2.0,0.0,,0.0,,,356.0,,0.0,0.0,0.0,0.0,0.0,0.0,0.0,0.0,0.0,0.0,0.0,,92.0,92.0,0.0,0.0
9317,6.465,267161,C,3154,408.0,185.0,mastercard,224.0,debit,,,,gmail.com,gmail.com,1.0,1.0,0.0,1.0,0.0,1.0,1.0,1.0,0.0,1.0,1.0,1.0,1.0,1.0,0.0,,,0.0,,0.0,,0.0,0.0,0.0,0.0,0.0,0.0,0.0,0.0,0.0,0.0,0.0,,0.0,0.0,0.0,0.0
29,36.99,86979,W,12932,361.0,150.0,visa,226.0,debit,204.0,87.0,,gmail.com,,1.0,1.0,0.0,0.0,0.0,1.0,0.0,0.0,0.0,0.0,1.0,0.0,1.0,1.0,0.0,,,0.0,,0.0,,0.0,0.0,0.0,0.0,0.0,0.0,0.0,0.0,0.0,0.0,0.0,,0.0,0.0,0.0,0.0
8660,55.0,256049,W,7919,194.0,150.0,mastercard,166.0,debit,264.0,87.0,1.0,yahoo.com,,1.0,1.0,0.0,0.0,2.0,1.0,0.0,0.0,1.0,0.0,1.0,0.0,2.0,1.0,243.0,243.0,243.0,243.0,243.0,243.0,0.0,0.0,0.0,0.0,0.0,0.0,0.0,0.0,0.0,0.0,0.0,0.0,,0.0,0.0,0.0,0.0
7415,15.0,238872,W,7919,194.0,150.0,mastercard,166.0,debit,330.0,87.0,,gmail.com,,1.0,2.0,0.0,0.0,0.0,1.0,0.0,0.0,2.0,0.0,1.0,0.0,10.0,1.0,365.0,365.0,1.0,,,1.0,,141.0,141.0,0.0,141.0,141.0,0.0,0.0,0.0,0.0,0.0,0.0,,141.0,141.0,0.0,141.0
9189,25.0,264717,H,1724,583.0,150.0,visa,226.0,credit,472.0,87.0,,verizon.net,,1.0,1.0,0.0,0.0,0.0,1.0,0.0,1.0,0.0,1.0,1.0,0.0,1.0,1.0,0.0,,,,,,,0.0,0.0,0.0,0.0,0.0,0.0,0.0,0.0,0.0,0.0,0.0,0.0,0.0,0.0,0.0,0.0
9813,20.0,305752,W,12544,321.0,150.0,visa,226.0,debit,476.0,87.0,,,,1.0,1.0,0.0,0.0,0.0,1.0,0.0,0.0,0.0,0.0,1.0,0.0,3.0,1.0,25.0,25.0,4.0,,,25.0,,0.0,0.0,0.0,0.0,0.0,0.0,0.0,0.0,0.0,0.0,0.0,,78.0,44.0,0.0,78.0
4898,100.0,170695,R,6019,583.0,150.0,visa,226.0,credit,264.0,87.0,,gmail.com,gmail.com,1.0,1.0,0.0,1.0,0.0,1.0,0.0,1.0,0.0,1.0,1.0,0.0,1.0,1.0,0.0,,,,,,,0.0,0.0,0.0,0.0,0.0,0.0,0.0,0.0,0.0,0.0,0.0,0.0,0.0,0.0,0.0,0.0
7938,117.0,245916,W,10112,360.0,150.0,visa,166.0,debit,184.0,87.0,,yahoo.com,,1.0,1.0,0.0,0.0,0.0,1.0,0.0,0.0,0.0,0.0,1.0,0.0,1.0,1.0,0.0,,,,,0.0,,0.0,0.0,0.0,0.0,0.0,0.0,0.0,0.0,0.0,0.0,0.0,,0.0,0.0,0.0,0.0
367,225.0,92350,R,4425,562.0,150.0,mastercard,197.0,credit,472.0,87.0,,gmail.com,gmail.com,7.0,6.0,0.0,1.0,0.0,1.0,0.0,3.0,0.0,3.0,5.0,0.0,0.0,0.0,0.0,,,,,,,0.0,0.0,0.0,0.0,0.0,0.0,0.0,0.0,0.0,0.0,0.0,0.0,0.0,0.0,0.0,0.0
794,25.95,102597,W,2893,,150.0,visa,166.0,debit,264.0,87.0,,gmail.com,,2.0,2.0,0.0,0.0,1.0,2.0,0.0,0.0,1.0,0.0,2.0,0.0,3.0,2.0,0.0,,,0.0,,0.0,,0.0,0.0,0.0,0.0,0.0,0.0,0.0,0.0,0.0,0.0,0.0,,0.0,0.0,0.0,0.0
960,97.0,109730,W,6530,206.0,150.0,mastercard,166.0,debit,324.0,87.0,,yahoo.com,,1.0,2.0,0.0,0.0,0.0,2.0,0.0,0.0,1.0,0.0,2.0,0.0,10.0,1.0,279.0,279.0,0.0,58.0,0.0,5.0,,0.0,0.0,0.0,0.0,0.0,0.0,0.0,0.0,0.0,0.0,0.0,,177.0,177.0,80.0,177.0
8015,47.95,246761,W,4663,490.0,150.0,visa,166.0,debit,310.0,87.0,9.0,,,4.0,5.0,0.0,0.0,3.0,2.0,0.0,0.0,4.0,0.0,5.0,0.0,14.0,4.0,196.0,196.0,31.0,,,183.0,,0.0,0.0,0.0,0.0,0.0,0.0,0.0,0.0,0.0,0.0,0.0,,0.0,0.0,0.0,0.0
1618,108.5,136567,W,1939,360.0,150.0,visa,166.0,debit,387.0,87.0,,,,1.0,1.0,0.0,0.0,0.0,1.0,0.0,0.0,0.0,0.0,1.0,0.0,0.0,0.0,0.0,,0.0,,,0.0,,117.0,117.0,0.0,0.0,0.0,117.0,117.0,117.0,0.0,0.0,0.0,,117.0,117.0,0.0,0.0
3231,112.99,153615,W,12544,321.0,150.0,visa,226.0,debit,441.0,87.0,,yahoo.com,,1.0,2.0,0.0,0.0,0.0,1.0,0.0,0.0,1.0,0.0,1.0,0.0,2.0,1.0,3.0,3.0,3.0,,,0.0,,0.0,0.0,0.0,0.0,0.0,0.0,0.0,0.0,0.0,0.0,0.0,,39.0,39.0,0.0,39.0
3095,75.0,152286,W,13780,298.0,150.0,visa,226.0,debit,441.0,87.0,,gmail.com,,49.0,40.0,0.0,0.0,54.0,35.0,0.0,0.0,29.0,0.0,33.0,0.0,154.0,39.0,91.0,91.0,30.0,,,395.0,,0.0,0.0,0.0,0.0,0.0,0.0,0.0,0.0,0.0,0.0,0.0,,0.0,0.0,0.0,0.0
9655,171.0,281038,W,7919,194.0,150.0,mastercard,166.0,debit,123.0,87.0,,gmail.com,,3.0,4.0,0.0,0.0,0.0,6.0,0.0,0.0,4.0,0.0,3.0,0.0,15.0,3.0,2.0,,2.0,,,0.0,,0.0,0.0,0.0,0.0,0.0,0.0,0.0,0.0,0.0,0.0,0.0,,418.0,418.0,0.0,0.0
286,72.99,90946,W,7585,553.0,150.0,visa,226.0,credit,204.0,87.0,4.0,aol.com,,1.0,1.0,0.0,0.0,0.0,1.0,0.0,0.0,1.0,0.0,1.0,0.0,0.0,0.0,0.0,,,0.0,,0.0,0.0,0.0,0.0,0.0,0.0,0.0,0.0,0.0,0.0,0.0,0.0,0.0,,0.0,0.0,0.0,0.0
9312,30.0,266989,W,12308,360.0,150.0,visa,166.0,debit,387.0,87.0,3.0,,,2.0,2.0,0.0,0.0,1.0,1.0,0.0,0.0,2.0,0.0,2.0,0.0,8.0,2.0,399.0,399.0,30.0,,,399.0,,0.0,0.0,0.0,0.0,0.0,0.0,0.0,0.0,0.0,0.0,0.0,,39.0,0.0,0.0,39.0
4947,30.95,171162,W,17910,543.0,150.0,mastercard,117.0,debit,123.0,87.0,23.0,aol.com,,89.0,94.0,0.0,0.0,107.0,72.0,0.0,0.0,54.0,0.0,64.0,0.0,454.0,78.0,258.0,258.0,58.0,258.0,58.0,119.0,,0.0,0.0,0.0,0.0,0.0,0.0,0.0,0.0,0.0,0.0,0.0,,0.0,0.0,0.0,0.0
5250,17.945,174310,C,15885,545.0,185.0,visa,138.0,debit,,,,hotmail.com,hotmail.com,1.0,2.0,0.0,1.0,0.0,1.0,1.0,1.0,0.0,0.0,1.0,1.0,2.0,1.0,13.0,13.0,12.0,12.0,12.0,0.0,,0.0,0.0,0.0,0.0,0.0,0.0,0.0,0.0,0.0,0.0,0.0,,16.675899505615234,0.0,0.0,16.675899505615234
932,23.926,109129,C,4461,375.0,185.0,mastercard,224.0,debit,,,,hotmail.com,hotmail.com,1.0,10.0,0.0,1.0,0.0,1.0,1.0,1.0,0.0,2.0,2.0,2.0,1.0,1.0,2.0,2.0,0.0,2.0,0.0,0.0,,0.0,0.0,0.0,0.0,0.0,0.0,0.0,0.0,0.0,0.0,0.0,,208.32809448242188,208.32809448242188,0.0,19.33440017700196
9148,20.0,264077,H,4436,174.0,150.0,visa,183.0,debit,337.0,87.0,,gmail.com,,1.0,1.0,0.0,0.0,0.0,1.0,0.0,1.0,0.0,1.0,1.0,0.0,1.0,1.0,0.0,,,,,,,0.0,0.0,0.0,0.0,0.0,0.0,0.0,0.0,0.0,0.0,0.0,0.0,0.0,0.0,0.0,0.0
106,92.0,88230,W,12733,555.0,150.0,visa,226.0,debit,327.0,87.0,1.0,gmail.com,,2.0,1.0,0.0,0.0,0.0,2.0,0.0,0.0,1.0,0.0,1.0,0.0,15.0,2.0,429.0,429.0,23.0,428.0,23.0,428.0,428.0,117.0,0.0,0.0,117.0,0.0,0.0,0.0,0.0,0.0,0.0,0.0,,117.0,0.0,0.0,117.0
7708,54.5,243097,W,11207,361.0,150.0,visa,226.0,debit,126.0,87.0,11.0,anonymous.com,,1.0,1.0,0.0,0.0,0.0,1.0,0.0,0.0,1.0,0.0,1.0,0.0,1.0,1.0,0.0,,,0.0,,0.0,0.0,0.0,0.0,0.0,0.0,0.0,0.0,0.0,0.0,0.0,0.0,0.0,,0.0,0.0,0.0,0.0
4672,77.95,168041,W,7919,194.0,150.0,mastercard,202.0,debit,444.0,87.0,78.0,,,8.0,10.0,0.0,0.0,9.0,5.0,0.0,0.0,6.0,0.0,7.0,0.0,18.0,6.0,0.0,,,,,0.0,0.0,0.0,0.0,0.0,0.0,0.0,0.0,0.0,0.0,0.0,0.0,0.0,,0.0,0.0,0.0,0.0
3526,49.0,156376,W,7826,481.0,150.0,mastercard,224.0,debit,325.0,87.0,11.0,gmail.com,,1.0,1.0,0.0,0.0,0.0,1.0,0.0,0.0,1.0,0.0,1.0,0.0,1.0,1.0,0.0,,,0.0,,0.0,0.0,0.0,0.0,0.0,0.0,0.0,0.0,0.0,0.0,0.0,0.0,0.0,,0.0,0.0,0.0,0.0
108,150.0,88303,H,9515,492.0,150.0,visa,226.0,debit,343.0,87.0,,gmail.com,gmail.com,1.0,1.0,0.0,1.0,0.0,1.0,0.0,0.0,0.0,0.0,1.0,0.0,1.0,1.0,0.0,,,,,,,0.0,0.0,0.0,0.0,0.0,0.0,0.0,0.0,0.0,0.0,0.0,0.0,0.0,0.0,0.0,0.0
9155,39.99,264171,W,4090,490.0,150.0,visa,226.0,debit,420.0,87.0,,yahoo.com,,1.0,1.0,0.0,0.0,1.0,1.0,0.0,0.0,1.0,0.0,1.0,0.0,3.0,1.0,29.0,29.0,13.0,28.0,13.0,28.0,,0.0,0.0,0.0,0.0,0.0,0.0,0.0,0.0,0.0,0.0,0.0,,87.93000030517578,0.0,0.0,87.93000030517578
2620,49.0,147854,W,7005,111.0,150.0,visa,226.0,debit,310.0,87.0,,gmail.com,,3.0,3.0,0.0,0.0,0.0,3.0,0.0,0.0,1.0,0.0,1.0,0.0,12.0,2.0,52.0,52.0,2.0,138.0,2.0,52.0,,109.0,30.0,0.0,109.0,30.0,0.0,0.0,0.0,0.0,0.0,0.0,,109.0,30.0,0.0,109.0
6001,10.634,188090,C,16062,500.0,185.0,mastercard,137.0,credit,,,,gmail.com,gmail.com,25.0,51.0,0.0,3.0,0.0,3.0,3.0,4.0,0.0,13.0,37.0,37.0,3.0,3.0,0.0,,,,,0.0,,0.0,0.0,0.0,0.0,0.0,0.0,0.0,0.0,0.0,0.0,0.0,,0.0,0.0,0.0,0.0
376,30.0,92509,H,5097,555.0,150.0,visa,162.0,credit,272.0,87.0,,gmail.com,gmail.com,1.0,1.0,0.0,1.0,0.0,1.0,0.0,1.0,0.0,1.0,1.0,0.0,1.0,1.0,0.0,,,,,,,0.0,0.0,0.0,0.0,0.0,0.0,0.0,0.0,0.0,0.0,0.0,0.0,0.0,0.0,0.0,0.0
3070,150.0,152062,W,4682,555.0,150.0,mastercard,117.0,debit,325.0,87.0,1.0,,,4.0,3.0,0.0,0.0,2.0,3.0,0.0,0.0,2.0,0.0,2.0,0.0,13.0,4.0,212.0,212.0,14.0,,,281.0,,0.0,0.0,0.0,0.0,0.0,0.0,0.0,0.0,0.0,0.0,0.0,,100.0,0.0,0.0,100.0
2820,50.0,149775,H,3682,264.0,150.0,visa,162.0,credit,485.0,87.0,,gmail.com,,1.0,1.0,0.0,0.0,0.0,1.0,0.0,1.0,0.0,1.0,1.0,0.0,1.0,1.0,0.0,,,,,,,0.0,0.0,0.0,0.0,0.0,0.0,0.0,0.0,0.0,0.0,0.0,0.0,0.0,0.0,0.0,0.0
6328,50.0,219949,H,16075,514.0,150.0,mastercard,102.0,credit,337.0,87.0,,aol.com,,1.0,1.0,0.0,0.0,0.0,1.0,0.0,1.0,0.0,1.0,1.0,0.0,1.0,1.0,0.0,,,,,,,0.0,0.0,0.0,0.0,0.0,0.0,0.0,0.0,0.0,0.0,0.0,0.0,0.0,0.0,0.0,0.0
9096,47.95,263361,W,3178,490.0,150.0,visa,226.0,debit,299.0,87.0,3.0,hotmail.com,,5.0,6.0,0.0,0.0,2.0,2.0,0.0,0.0,2.0,0.0,3.0,0.0,8.0,5.0,0.0,,,242.0,35.0,0.0,242.0,0.0,0.0,0.0,0.0,0.0,0.0,0.0,0.0,0.0,0.0,0.0,,0.0,0.0,0.0,0.0
8933,400.0,260692,W,14065,298.0,150.0,visa,195.0,debit,441.0,87.0,27.0,yahoo.com,,6.0,4.0,0.0,0.0,0.0,4.0,0.0,0.0,1.0,0.0,1.0,0.0,4.0,4.0,1.0,,0.0,,,88.0,,0.0,0.0,0.0,0.0,0.0,0.0,0.0,0.0,0.0,0.0,0.0,,400.0,400.0,0.0,0.0
7323,35.95,237665,W,11839,490.0,150.0,visa,226.0,debit,315.0,87.0,23.0,,,2.0,2.0,0.0,0.0,1.0,1.0,0.0,0.0,2.0,0.0,2.0,0.0,2.0,2.0,0.0,,,,,0.0,0.0,0.0,0.0,0.0,0.0,0.0,0.0,0.0,0.0,0.0,0.0,0.0,,0.0,0.0,0.0,0.0
4773,226.0,169278,W,12577,268.0,150.0,visa,166.0,debit,299.0,87.0,20.0,gmail.com,,1.0,1.0,0.0,0.0,0.0,1.0,0.0,0.0,1.0,0.0,1.0,0.0,1.0,1.0,0.0,,,,,0.0,0.0,0.0,0.0,0.0,0.0,0.0,0.0,0.0,0.0,0.0,0.0,0.0,,0.0,0.0,0.0,0.0
8296,50.0,251048,W,7919,194.0,150.0,mastercard,166.0,debit,204.0,87.0,,,,5.0,4.0,0.0,0.0,0.0,1.0,0.0,0.0,4.0,0.0,2.0,0.0,9.0,2.0,425.0,425.0,8.0,,,40.0,,0.0,0.0,0.0,0.0,0.0,0.0,0.0,0.0,0.0,0.0,0.0,,134.0,0.0,0.0,134.0
8178,97.0,249064,W,7676,512.0,150.0,visa,226.0,debit,299.0,87.0,5.0,gmail.com,,1.0,2.0,0.0,0.0,0.0,1.0,0.0,0.0,1.0,0.0,1.0,0.0,18.0,1.0,127.0,127.0,0.0,,,68.0,,80.0,80.0,0.0,0.0,0.0,0.0,0.0,0.0,80.0,80.0,80.0,,310.0,130.0,0.0,230.0
9643,27.97,279887,W,8320,476.0,150.0,visa,166.0,debit,485.0,87.0,,gmail.com,,3.0,3.0,0.0,0.0,1.0,2.0,0.0,0.0,2.0,0.0,2.0,0.0,3.0,2.0,6.0,6.0,5.0,,,6.0,,0.0,0.0,0.0,0.0,0.0,0.0,0.0,0.0,0.0,0.0,0.0,,59.47000122070313,59.47000122070313,0.0,31.5
9238,57.95,265669,W,7919,194.0,150.0,mastercard,166.0,debit,384.0,87.0,,,,44.0,37.0,0.0,0.0,32.0,27.0,0.0,0.0,27.0,0.0,23.0,0.0,187.0,34.0,71.0,71.0,2.0,,,71.0,,0.0,0.0,0.0,0.0,0.0,0.0,0.0,0.0,0.0,0.0,0.0,,332.8999938964844,332.8999938964844,0.0,0.0
5735,869.47,181318,W,16132,111.0,150.0,visa,226.0,debit,299.0,87.0,,gmail.com,,1.0,1.0,0.0,0.0,1.0,1.0,0.0,0.0,1.0,0.0,1.0,0.0,1.0,1.0,0.0,,,,,0.0,,0.0,0.0,0.0,0.0,0.0,0.0,0.0,0.0,0.0,0.0,0.0,,0.0,0.0,0.0,0.0
9038,57.95,262468,W,1284,490.0,150.0,visa,226.0,debit,264.0,87.0,,yahoo.com,,3.0,1.0,0.0,0.0,1.0,1.0,0.0,0.0,0.0,0.0,1.0,0.0,5.0,3.0,13.0,13.0,13.0,312.0,13.0,312.0,,0.0,0.0,0.0,0.0,0.0,0.0,0.0,0.0,0.0,0.0,0.0,,47.95000076293945,0.0,0.0,47.95000076293945
624,35.95,97757,W,14208,555.0,150.0,visa,226.0,debit,191.0,87.0,,,,7.0,3.0,0.0,0.0,1.0,3.0,0.0,0.0,3.0,0.0,3.0,0.0,26.0,7.0,0.0,,,,,0.0,,0.0,0.0,0.0,0.0,0.0,0.0,0.0,0.0,0.0,0.0,0.0,,0.0,0.0,0.0,0.0
6843,15.709,231418,C,15885,545.0,185.0,visa,138.0,debit,,,,gmail.com,gmail.com,6.0,16.0,0.0,2.0,0.0,2.0,2.0,4.0,0.0,12.0,3.0,3.0,12.0,5.0,105.0,105.0,34.0,209.0,34.0,0.0,,0.0,0.0,0.0,0.0,0.0,0.0,0.0,0.0,0.0,0.0,0.0,,0.0,0.0,0.0,0.0
8481,500.0,253635,R,17396,321.0,150.0,visa,195.0,credit,299.0,87.0,,gmail.com,gmail.com,1.0,2.0,0.0,2.0,0.0,2.0,0.0,1.0,0.0,1.0,1.0,0.0,1.0,1.0,0.0,,,,,,,0.0,0.0,0.0,0.0,0.0,0.0,0.0,0.0,0.0,0.0,0.0,0.0,3000.0,3000.0,0.0,0.0
7438,26.95,239259,W,2884,490.0,150.0,visa,226.0,debit,310.0,87.0,,gmail.com,,1.0,1.0,0.0,0.0,1.0,1.0,0.0,0.0,1.0,0.0,1.0,0.0,3.0,1.0,30.0,30.0,15.0,,,30.0,,0.0,0.0,0.0,0.0,0.0,0.0,0.0,0.0,0.0,0.0,0.0,,117.9000015258789,0.0,0.0,117.9000015258789
9615,50.0,277917,W,3277,111.0,150.0,visa,226.0,debit,231.0,87.0,,,,1.0,4.0,0.0,0.0,0.0,2.0,0.0,0.0,1.0,0.0,1.0,0.0,17.0,1.0,153.0,153.0,2.0,,,25.0,,200.0,200.0,0.0,200.0,200.0,0.0,0.0,0.0,0.0,0.0,0.0,,2822.0,375.0,0.0,1141.0
1726,29.0,138222,W,11207,361.0,150.0,visa,226.0,debit,126.0,87.0,2.0,,,2.0,2.0,0.0,0.0,0.0,2.0,0.0,0.0,1.0,0.0,2.0,0.0,27.0,2.0,322.0,322.0,1.0,,,322.0,322.0,0.0,0.0,0.0,0.0,0.0,0.0,0.0,0.0,0.0,0.0,0.0,,148.0,39.0,39.0,148.0
3767,40.0,158774,W,7815,161.0,150.0,mastercard,117.0,debit,327.0,87.0,,gmail.com,,1.0,1.0,0.0,0.0,1.0,1.0,0.0,0.0,1.0,0.0,1.0,0.0,6.0,1.0,137.0,137.0,28.0,,,137.0,,0.0,0.0,0.0,0.0,0.0,0.0,0.0,0.0,0.0,0.0,0.0,,30.0,0.0,0.0,30.0
8895,10.95,259996,W,12544,321.0,150.0,visa,226.0,debit,337.0,87.0,14.0,gmail.com,,122.0,105.0,0.0,0.0,154.0,83.0,0.0,0.0,63.0,0.0,83.0,0.0,509.0,106.0,0.0,,,274.0,124.0,274.0,274.0,0.0,0.0,0.0,0.0,0.0,0.0,0.0,0.0,0.0,0.0,0.0,,0.0,0.0,0.0,0.0
8342,39.0,251704,W,7919,194.0,150.0,mastercard,166.0,debit,433.0,87.0,,yahoo.com,,1.0,1.0,0.0,0.0,0.0,1.0,0.0,0.0,0.0,0.0,1.0,0.0,1.0,1.0,0.0,,,,,0.0,,0.0,0.0,0.0,0.0,0.0,0.0,0.0,0.0,0.0,0.0,0.0,,0.0,0.0,0.0,0.0
3595,39.0,157095,W,3178,490.0,150.0,visa,226.0,debit,205.0,87.0,792.0,,,1.0,1.0,0.0,0.0,0.0,0.0,0.0,0.0,2.0,0.0,1.0,0.0,2.0,1.0,151.0,151.0,0.0,,,151.0,0.0,78.0,78.0,0.0,0.0,0.0,0.0,0.0,0.0,78.0,78.0,78.0,,78.0,78.0,0.0,0.0
2147,60.0,143226,W,7207,111.0,150.0,visa,226.0,debit,204.0,87.0,,gmail.com,,2.0,2.0,0.0,0.0,1.0,2.0,0.0,0.0,1.0,0.0,1.0,0.0,13.0,2.0,454.0,454.0,28.0,59.0,28.0,454.0,,0.0,0.0,0.0,0.0,0.0,0.0,0.0,0.0,0.0,0.0,0.0,,60.0,0.0,0.0,60.0
6834,87.005,231301,C,15885,545.0,185.0,visa,138.0,debit,,,,gmail.com,gmail.com,1.0,1.0,0.0,1.0,0.0,1.0,1.0,1.0,0.0,1.0,1.0,1.0,1.0,1.0,0.0,,,,,0.0,,0.0,0.0,0.0,0.0,0.0,0.0,0.0,0.0,0.0,0.0,0.0,,0.0,0.0,0.0,0.0
3047,15.0,151892,W,7919,194.0,150.0,mastercard,166.0,debit,204.0,87.0,,gmail.com,,123.0,119.0,0.0,0.0,185.0,72.0,0.0,0.0,73.0,0.0,90.0,0.0,510.0,92.0,456.0,456.0,17.0,,,17.0,,0.0,0.0,0.0,0.0,0.0,0.0,0.0,0.0,0.0,0.0,0.0,,79.9000015258789,0.0,0.0,79.9000015258789
637,70.51,98066,C,9026,545.0,185.0,visa,137.0,credit,,,,hotmail.com,hotmail.com,2.0,2.0,0.0,1.0,0.0,1.0,1.0,1.0,0.0,1.0,1.0,1.0,1.0,1.0,0.0,,,0.0,0.0,0.0,,0.0,0.0,0.0,0.0,0.0,0.0,0.0,0.0,0.0,0.0,0.0,,0.0,0.0,0.0,0.0
1684,5.0,137602,W,7919,194.0,150.0,mastercard,202.0,debit,325.0,87.0,,gmail.com,,10.0,8.0,0.0,0.0,3.0,3.0,0.0,0.0,1.0,0.0,2.0,0.0,11.0,4.0,295.0,295.0,30.0,86.0,86.0,214.0,,0.0,0.0,0.0,0.0,0.0,0.0,0.0,0.0,0.0,0.0,0.0,,0.0,0.0,0.0,0.0
169,100.0,89185,W,6951,111.0,150.0,visa,226.0,debit,441.0,87.0,2355.0,yahoo.com,,1.0,1.0,0.0,0.0,1.0,1.0,0.0,0.0,2.0,0.0,1.0,0.0,5.0,1.0,146.0,146.0,55.0,145.0,55.0,145.0,0.0,0.0,0.0,0.0,0.0,0.0,0.0,0.0,0.0,0.0,0.0,0.0,,0.0,0.0,0.0,0.0
8771,57.95,257763,W,17399,111.0,150.0,mastercard,224.0,debit,204.0,87.0,13.0,yahoo.com,,3.0,2.0,0.0,0.0,1.0,1.0,0.0,0.0,1.0,0.0,1.0,0.0,4.0,3.0,16.0,16.0,17.0,17.0,17.0,44.0,36.0,0.0,0.0,0.0,0.0,0.0,0.0,0.0,0.0,0.0,0.0,0.0,,47.95000076293945,0.0,0.0,47.95000076293945
2168,43.382,143497,C,7493,515.0,119.0,visa,102.0,credit,,,,gmail.com,gmail.com,1.0,1.0,0.0,1.0,0.0,1.0,1.0,1.0,0.0,1.0,1.0,1.0,1.0,1.0,0.0,,,,,0.0,,0.0,0.0,0.0,0.0,0.0,0.0,0.0,0.0,0.0,0.0,0.0,,0.0,0.0,0.0,0.0
7872,200.0,245162,W,16075,514.0,150.0,mastercard,102.0,credit,428.0,87.0,,anonymous.com,,1.0,1.0,0.0,0.0,1.0,1.0,0.0,0.0,0.0,0.0,1.0,0.0,4.0,1.0,475.0,475.0,213.0,475.0,213.0,475.0,,0.0,0.0,0.0,0.0,0.0,0.0,0.0,0.0,0.0,0.0,0.0,,0.0,0.0,0.0,0.0
4716,30.0,168600,W,12839,321.0,150.0,visa,226.0,debit,264.0,87.0,,gmail.com,,8.0,9.0,0.0,0.0,1.0,6.0,0.0,0.0,7.0,0.0,6.0,0.0,17.0,5.0,426.0,426.0,25.0,462.0,25.0,58.0,,0.0,0.0,0.0,0.0,0.0,0.0,0.0,0.0,0.0,0.0,0.0,,30.0,0.0,0.0,30.0
6550,209.95,226275,W,18132,567.0,150.0,mastercard,117.0,debit,204.0,87.0,3.0,,,8.0,9.0,0.0,0.0,2.0,2.0,0.0,0.0,3.0,0.0,4.0,0.0,13.0,7.0,1.0,,0.0,,,1.0,,409.9500122070313,409.9500122070313,0.0,0.0,0.0,409.9500122070313,409.9500122070313,409.9500122070313,0.0,0.0,0.0,,819.9000244140625,819.9000244140625,0.0,0.0
259,42.596,90480,C,16346,324.0,185.0,visa,226.0,credit,,,,hotmail.com,hotmail.com,2.0,44.0,0.0,1.0,0.0,1.0,1.0,49.0,0.0,31.0,4.0,4.0,30.0,2.0,339.0,233.0,25.0,338.0,11.0,0.0,,0.0,0.0,0.0,0.0,0.0,0.0,0.0,0.0,0.0,0.0,0.0,,193.9481964111328,0.0,0.0,0.0
8532,60.0,254346,W,3524,555.0,150.0,visa,226.0,debit,330.0,87.0,,yahoo.com,,9.0,4.0,0.0,0.0,0.0,5.0,0.0,0.0,8.0,0.0,1.0,0.0,23.0,6.0,5.0,5.0,1.0,39.0,1.0,281.0,,119.0,119.0,0.0,119.0,119.0,0.0,0.0,0.0,0.0,0.0,0.0,,279.0,279.0,0.0,119.0
3145,75.0,152818,W,7826,481.0,150.0,mastercard,224.0,debit,251.0,87.0,102.0,yahoo.com,,1.0,1.0,0.0,0.0,0.0,1.0,0.0,0.0,1.0,0.0,1.0,0.0,21.0,1.0,196.0,196.0,1.0,196.0,1.0,196.0,196.0,0.0,0.0,0.0,0.0,0.0,0.0,0.0,0.0,0.0,0.0,0.0,,392.0,150.0,0.0,392.0
2586,75.0,147524,W,10838,143.0,150.0,visa,226.0,debit,205.0,87.0,,ymail.com,,42.0,46.0,0.0,0.0,26.0,27.0,0.0,0.0,22.0,0.0,22.0,0.0,193.0,38.0,60.0,60.0,0.0,273.0,0.0,434.0,,0.0,0.0,0.0,0.0,0.0,0.0,0.0,0.0,0.0,0.0,0.0,,222.8500061035156,100.0,80.0,222.8500061035156
1111,107.95,120611,W,2804,345.0,150.0,mastercard,166.0,debit,143.0,87.0,,gmail.com,,4.0,5.0,0.0,0.0,3.0,4.0,0.0,0.0,2.0,0.0,2.0,0.0,12.0,4.0,30.0,30.0,10.0,34.0,10.0,91.0,,35.95000076293945,0.0,0.0,35.95000076293945,0.0,0.0,0.0,0.0,0.0,0.0,0.0,,143.89999389648438,0.0,0.0,143.89999389648438
2165,311.95,143423,W,12839,321.0,150.0,visa,226.0,debit,264.0,87.0,3.0,rocketmail.com,,1.0,1.0,0.0,0.0,1.0,2.0,0.0,0.0,1.0,0.0,1.0,0.0,6.0,1.0,123.0,123.0,27.0,27.0,27.0,123.0,123.0,159.9499969482422,0.0,0.0,159.9499969482422,0.0,0.0,0.0,0.0,0.0,0.0,0.0,,159.9499969482422,0.0,0.0,159.9499969482422
7684,26.5,242856,W,18132,567.0,150.0,mastercard,117.0,debit,204.0,87.0,,comcast.net,,2.0,1.0,0.0,0.0,0.0,1.0,0.0,0.0,1.0,0.0,1.0,0.0,5.0,2.0,38.0,38.0,38.0,149.0,38.0,149.0,,0.0,0.0,0.0,0.0,0.0,0.0,0.0,0.0,0.0,0.0,0.0,,0.0,0.0,0.0,0.0
4423,20.0,165466,H,15063,514.0,150.0,visa,226.0,credit,512.0,87.0,,me.com,,1.0,1.0,0.0,0.0,0.0,1.0,0.0,1.0,0.0,1.0,1.0,0.0,1.0,1.0,0.0,,,,,,,0.0,0.0,0.0,0.0,0.0,0.0,0.0,0.0,0.0,0.0,0.0,0.0,0.0,0.0,0.0,0.0
1568,75.0,135725,R,11782,520.0,150.0,american express,190.0,credit,191.0,87.0,,anonymous.com,anonymous.com,1.0,1.0,0.0,2.0,0.0,2.0,0.0,2.0,0.0,1.0,2.0,0.0,3.0,1.0,346.0,346.0,,,,,,150.0,150.0,150.0,150.0,150.0,0.0,0.0,0.0,0.0,0.0,0.0,1.0,150.0,150.0,150.0,150.0
7464,75.0,239640,S,12839,321.0,150.0,visa,226.0,debit,337.0,87.0,,,yahoo.com,6.0,9.0,0.0,1.0,0.0,0.0,0.0,8.0,0.0,6.0,4.0,0.0,34.0,6.0,0.0,,,,,,,0.0,0.0,0.0,0.0,0.0,0.0,0.0,0.0,0.0,0.0,0.0,0.0,0.0,0.0,0.0,0.0
9149,30.95,264102,W,7919,194.0,150.0,mastercard,166.0,debit,315.0,87.0,1.0,gmail.com,,3.0,3.0,0.0,0.0,2.0,1.0,0.0,0.0,3.0,0.0,3.0,0.0,12.0,3.0,487.0,487.0,30.0,487.0,30.0,426.0,30.0,0.0,0.0,0.0,0.0,0.0,0.0,0.0,0.0,0.0,0.0,0.0,,113.9000015258789,0.0,0.0,113.9000015258789
5702,335.0,180499,W,16320,555.0,150.0,visa,166.0,debit,433.0,87.0,14.0,yahoo.com,,9.0,7.0,0.0,0.0,5.0,6.0,0.0,0.0,3.0,0.0,5.0,0.0,32.0,7.0,0.0,,,351.0,349.0,401.0,0.0,0.0,0.0,0.0,0.0,0.0,0.0,0.0,0.0,0.0,0.0,0.0,,0.0,0.0,0.0,0.0
4957,66.402,171292,C,9915,555.0,138.0,visa,226.0,debit,,,,gmail.com,gmail.com,1.0,3.0,0.0,1.0,0.0,1.0,1.0,0.0,0.0,0.0,1.0,1.0,0.0,0.0,0.0,,0.0,,,0.0,,0.0,0.0,0.0,0.0,0.0,0.0,0.0,0.0,0.0,0.0,0.0,,132.80419921875,132.80419921875,0.0,0.0
586,107.95,96703,W,8024,321.0,150.0,visa,226.0,debit,264.0,87.0,,hotmail.com,,1.0,1.0,0.0,0.0,1.0,1.0,0.0,0.0,0.0,0.0,1.0,0.0,3.0,1.0,60.0,60.0,30.0,59.0,30.0,59.0,,107.9499969482422,0.0,0.0,107.9499969482422,0.0,0.0,0.0,0.0,0.0,0.0,0.0,,107.9499969482422,0.0,0.0,107.9499969482422
119,100.0,88484,H,2456,399.0,150.0,american express,118.0,credit,299.0,87.0,,anonymous.com,anonymous.com,1.0,1.0,0.0,1.0,0.0,1.0,0.0,1.0,0.0,1.0,1.0,0.0,1.0,1.0,0.0,,,,,,,0.0,0.0,0.0,0.0,0.0,0.0,0.0,0.0,0.0,0.0,0.0,0.0,0.0,0.0,0.0,0.0
8093,49.0,247780,W,16431,225.0,150.0,mastercard,117.0,debit,264.0,87.0,,msn.com,,1.0,1.0,0.0,0.0,0.0,1.0,0.0,0.0,1.0,0.0,1.0,0.0,1.0,1.0,0.0,,,,,0.0,,0.0,0.0,0.0,0.0,0.0,0.0,0.0,0.0,0.0,0.0,0.0,,0.0,0.0,0.0,0.0
1254,100.0,129297,W,13052,254.0,150.0,visa,226.0,debit,325.0,87.0,,,,2.0,1.0,0.0,0.0,1.0,0.0,0.0,0.0,1.0,0.0,1.0,0.0,10.0,2.0,452.0,452.0,31.0,,,452.0,,0.0,0.0,0.0,0.0,0.0,0.0,0.0,0.0,0.0,0.0,0.0,,0.0,0.0,0.0,0.0
5983,101.0,187429,W,12577,268.0,150.0,visa,166.0,debit,264.0,87.0,,yahoo.com,,48.0,39.0,0.0,0.0,47.0,34.0,0.0,0.0,29.0,0.0,37.0,0.0,233.0,41.0,79.0,79.0,79.0,79.0,79.0,0.0,,0.0,0.0,0.0,0.0,0.0,0.0,0.0,0.0,0.0,0.0,0.0,,0.0,0.0,0.0,0.0
6754,30.0,230090,H,13809,583.0,150.0,visa,226.0,credit,264.0,87.0,,aol.com,aol.com,1.0,1.0,0.0,1.0,0.0,1.0,0.0,1.0,0.0,1.0,1.0,0.0,1.0,1.0,0.0,,,,,,,0.0,0.0,0.0,0.0,0.0,0.0,0.0,0.0,0.0,0.0,0.0,0.0,0.0,0.0,0.0,0.0
2145,311.95,143169,W,16521,527.0,150.0,mastercard,117.0,debit,492.0,87.0,0.0,icloud.com,,2.0,1.0,0.0,0.0,2.0,1.0,0.0,0.0,1.0,0.0,1.0,0.0,2.0,2.0,0.0,,,,,218.0,,0.0,0.0,0.0,0.0,0.0,0.0,0.0,0.0,0.0,0.0,0.0,,0.0,0.0,0.0,0.0
2340,50.0,145130,S,2616,327.0,150.0,discover,223.0,credit,225.0,87.0,,,,1.0,1.0,1.0,0.0,0.0,0.0,0.0,1.0,0.0,1.0,1.0,0.0,1.0,1.0,0.0,,,,,0.0,,0.0,0.0,0.0,0.0,0.0,0.0,0.0,0.0,0.0,0.0,0.0,,0.0,0.0,0.0,0.0
6085,50.0,191196,W,13528,536.0,150.0,visa,226.0,debit,143.0,87.0,,gmail.com,,2.0,3.0,0.0,0.0,1.0,1.0,0.0,0.0,1.0,0.0,1.0,0.0,20.0,2.0,474.0,474.0,25.0,430.0,55.0,474.0,,0.0,0.0,0.0,0.0,0.0,0.0,0.0,0.0,0.0,0.0,0.0,,47.95000076293945,0.0,0.0,47.95000076293945
4631,36.95,167565,W,7919,194.0,150.0,mastercard,202.0,debit,205.0,87.0,2.0,,,1.0,1.0,0.0,0.0,1.0,0.0,0.0,0.0,1.0,0.0,1.0,0.0,2.0,1.0,88.0,88.0,89.0,,,89.0,89.0,0.0,0.0,0.0,0.0,0.0,0.0,0.0,0.0,0.0,0.0,0.0,,0.0,0.0,0.0,0.0
7388,115.0,238476,W,11839,490.0,150.0,visa,226.0,debit,512.0,87.0,,gmail.com,,5.0,7.0,0.0,0.0,0.0,4.0,0.0,0.0,5.0,0.0,4.0,0.0,39.0,3.0,329.0,329.0,2.0,12.0,2.0,326.0,,0.0,0.0,0.0,0.0,0.0,0.0,0.0,0.0,0.0,0.0,0.0,,680.5,223.5,0.0,680.5
2913,75.0,150727,W,11207,361.0,150.0,visa,226.0,debit,325.0,87.0,1.0,,,1.0,1.0,0.0,0.0,1.0,0.0,0.0,0.0,2.0,0.0,1.0,0.0,27.0,1.0,448.0,448.0,14.0,,,476.0,,0.0,0.0,0.0,0.0,0.0,0.0,0.0,0.0,0.0,0.0,0.0,,150.0,0.0,0.0,150.0
1472,59.0,134145,W,10856,268.0,150.0,visa,166.0,debit,441.0,87.0,,,,4.0,2.0,0.0,0.0,0.0,2.0,0.0,0.0,1.0,0.0,2.0,0.0,19.0,4.0,147.0,147.0,14.0,,,259.0,,0.0,0.0,0.0,0.0,0.0,0.0,0.0,0.0,0.0,0.0,0.0,,490.0,0.0,0.0,490.0
144,200.0,88803,R,8194,325.0,150.0,visa,195.0,debit,272.0,87.0,,anonymous.com,anonymous.com,1.0,1.0,0.0,1.0,0.0,1.0,0.0,1.0,0.0,1.0,1.0,0.0,1.0,1.0,0.0,,,,,,,200.0,200.0,0.0,0.0,0.0,0.0,0.0,0.0,200.0,200.0,200.0,0.0,200.0,200.0,0.0,0.0
3123,159.95,152600,W,7919,194.0,150.0,mastercard,166.0,debit,327.0,87.0,,gmail.com,,2.0,1.0,0.0,0.0,1.0,1.0,0.0,0.0,1.0,0.0,1.0,0.0,4.0,2.0,28.0,28.0,0.0,,,30.0,,309.95001220703125,309.95001220703125,0.0,0.0,0.0,309.95001220703125,309.95001220703125,309.95001220703125,0.0,0.0,0.0,,417.8999938964844,309.95001220703125,0.0,107.9499969482422
5234,83.742,174092,C,9917,142.0,185.0,visa,138.0,debit,,,,hotmail.com,hotmail.com,28.0,21.0,0.0,4.0,0.0,4.0,4.0,21.0,0.0,8.0,10.0,10.0,2.0,2.0,0.0,,,,,0.0,,0.0,0.0,0.0,0.0,0.0,0.0,0.0,0.0,0.0,0.0,0.0,,0.0,0.0,0.0,0.0
3257,30.0,153832,H,6592,278.0,150.0,visa,226.0,debit,325.0,87.0,,verizon.net,,1.0,1.0,0.0,0.0,0.0,1.0,0.0,1.0,0.0,1.0,1.0,0.0,1.0,1.0,0.0,,,,,,,0.0,0.0,0.0,0.0,0.0,0.0,0.0,0.0,0.0,0.0,0.0,0.0,0.0,0.0,0.0,0.0
592,9.788,96863,C,16746,500.0,185.0,mastercard,102.0,credit,,,,gmail.com,gmail.com,1.0,1.0,0.0,1.0,0.0,1.0,1.0,1.0,0.0,1.0,1.0,1.0,1.0,1.0,0.0,,,0.0,,0.0,,0.0,0.0,0.0,0.0,0.0,0.0,0.0,0.0,0.0,0.0,0.0,,0.0,0.0,0.0,0.0
8773,59.0,257781,W,11839,490.0,150.0,visa,226.0,debit,420.0,87.0,368.0,hotmail.com,,1.0,1.0,0.0,0.0,0.0,1.0,0.0,0.0,1.0,0.0,1.0,0.0,2.0,1.0,29.0,29.0,29.0,29.0,29.0,29.0,29.0,0.0,0.0,0.0,0.0,0.0,0.0,0.0,0.0,0.0,0.0,0.0,,49.0,0.0,0.0,49.0
9696,108.95,284511,W,10112,360.0,150.0,visa,166.0,debit,123.0,87.0,64.0,gmail.com,,2.0,2.0,0.0,0.0,1.0,2.0,0.0,0.0,2.0,0.0,2.0,0.0,2.0,2.0,0.0,,,0.0,,0.0,0.0,0.0,0.0,0.0,0.0,0.0,0.0,0.0,0.0,0.0,0.0,0.0,,0.0,0.0,0.0,0.0
1501,145.0,134564,W,6550,,150.0,visa,226.0,debit,494.0,87.0,,gmail.com,,2.0,4.0,0.0,0.0,0.0,1.0,0.0,0.0,1.0,0.0,2.0,0.0,16.0,2.0,63.0,63.0,14.0,476.0,6.0,66.0,,0.0,0.0,0.0,0.0,0.0,0.0,0.0,0.0,0.0,0.0,0.0,,290.0,0.0,0.0,290.0
5323,29.0,175143,W,12501,490.0,150.0,visa,226.0,debit,181.0,87.0,3.0,gmail.com,,1.0,2.0,0.0,0.0,0.0,1.0,0.0,0.0,1.0,0.0,1.0,0.0,4.0,1.0,261.0,261.0,11.0,,,242.0,,0.0,0.0,0.0,0.0,0.0,0.0,0.0,0.0,0.0,0.0,0.0,,117.0,0.0,0.0,117.0
4891,59.0,170640,W,2157,111.0,150.0,visa,226.0,debit,272.0,87.0,30.0,yahoo.com,,3.0,4.0,0.0,0.0,0.0,2.0,0.0,0.0,1.0,0.0,1.0,0.0,23.0,3.0,216.0,216.0,3.0,316.0,3.0,9.0,316.0,186.0,127.0,0.0,186.0,127.0,0.0,0.0,0.0,0.0,0.0,0.0,,245.0,127.0,0.0,245.0
333,30.0,91760,H,15497,490.0,150.0,visa,226.0,debit,299.0,87.0,,yahoo.com,,1.0,1.0,0.0,0.0,0.0,1.0,0.0,1.0,0.0,1.0,1.0,0.0,1.0,1.0,0.0,,,0.0,,0.0,,0.0,0.0,0.0,0.0,0.0,0.0,0.0,0.0,0.0,0.0,0.0,0.0,0.0,0.0,0.0,0.0
6496,47.95,225265,W,11815,206.0,150.0,mastercard,166.0,debit,204.0,87.0,4.0,gmail.com,,1.0,1.0,0.0,0.0,1.0,1.0,0.0,0.0,1.0,0.0,1.0,0.0,1.0,1.0,0.0,,,0.0,,0.0,0.0,0.0,0.0,0.0,0.0,0.0,0.0,0.0,0.0,0.0,0.0,0.0,,0.0,0.0,0.0,0.0
7454,50.0,239482,W,16661,490.0,150.0,visa,226.0,debit,315.0,87.0,3.0,gmail.com,,1.0,1.0,0.0,0.0,1.0,1.0,0.0,0.0,1.0,0.0,1.0,0.0,5.0,1.0,55.0,55.0,2.0,,,56.0,,50.0,50.0,0.0,0.0,0.0,0.0,0.0,0.0,0.0,50.0,50.0,,150.0,50.0,0.0,100.0
8276,30.0,250760,H,10616,583.0,150.0,visa,226.0,credit,126.0,87.0,,gmail.com,,1.0,1.0,0.0,0.0,0.0,1.0,0.0,1.0,0.0,1.0,1.0,0.0,1.0,1.0,0.0,,,,,,,0.0,0.0,0.0,0.0,0.0,0.0,0.0,0.0,0.0,0.0,0.0,0.0,0.0,0.0,0.0,0.0
2818,59.0,149759,W,16375,517.0,150.0,mastercard,224.0,debit,226.0,87.0,5.0,gmail.com,,3.0,2.0,0.0,0.0,0.0,1.0,0.0,0.0,1.0,0.0,1.0,0.0,5.0,3.0,91.0,91.0,91.0,119.0,6.0,119.0,119.0,0.0,0.0,0.0,0.0,0.0,0.0,0.0,0.0,0.0,0.0,0.0,,0.0,0.0,0.0,0.0
4362,34.0,164786,W,7919,194.0,150.0,mastercard,166.0,debit,220.0,87.0,2.0,gmail.com,,1.0,1.0,0.0,0.0,0.0,1.0,0.0,0.0,1.0,0.0,1.0,0.0,2.0,1.0,23.0,23.0,24.0,,,24.0,,0.0,0.0,0.0,0.0,0.0,0.0,0.0,0.0,0.0,0.0,0.0,,24.5,0.0,0.0,24.5
8328,50.0,251508,S,10754,399.0,150.0,american express,198.0,credit,441.0,87.0,,,live.com,2.0,1.0,1.0,1.0,0.0,0.0,0.0,2.0,0.0,2.0,1.0,0.0,2.0,2.0,0.0,,,,,,,0.0,0.0,0.0,0.0,0.0,0.0,0.0,0.0,0.0,0.0,0.0,0.0,0.0,0.0,0.0,0.0
4734,86.28,168849,C,9633,296.0,185.0,visa,138.0,debit,,,,gmail.com,gmail.com,2.0,4.0,0.0,1.0,0.0,1.0,1.0,2.0,0.0,0.0,2.0,2.0,3.0,2.0,1.0,1.0,1.0,302.0,1.0,0.0,,0.0,0.0,0.0,0.0,0.0,0.0,0.0,0.0,0.0,0.0,0.0,,120.83999633789062,120.83999633789062,0.0,47.2484016418457
1453,107.95,133921,W,9500,321.0,150.0,visa,226.0,debit,204.0,87.0,1.0,gmail.com,,160.0,152.0,0.0,0.0,120.0,114.0,0.0,0.0,103.0,0.0,128.0,0.0,467.0,128.0,289.0,289.0,28.0,424.0,28.0,153.0,289.0,110.0,0.0,0.0,110.0,0.0,0.0,0.0,0.0,0.0,0.0,0.0,,110.0,0.0,0.0,110.0
3194,200.0,153237,W,7410,555.0,150.0,mastercard,117.0,debit,343.0,87.0,,gmail.com,,1.0,1.0,0.0,0.0,0.0,1.0,0.0,0.0,2.0,0.0,1.0,0.0,26.0,1.0,0.0,,14.0,266.0,14.0,266.0,,0.0,0.0,0.0,0.0,0.0,0.0,0.0,0.0,0.0,0.0,0.0,,0.0,0.0,0.0,0.0
2771,150.0,149314,W,13481,445.0,150.0,mastercard,224.0,debit,325.0,87.0,,gmail.com,,2.0,1.0,0.0,0.0,0.0,1.0,0.0,0.0,1.0,0.0,1.0,0.0,14.0,2.0,177.0,177.0,9.0,393.0,9.0,393.0,,0.0,0.0,0.0,0.0,0.0,0.0,0.0,0.0,0.0,0.0,0.0,,144.0,0.0,0.0,144.0
4438,117.0,165609,W,7919,194.0,150.0,mastercard,166.0,debit,272.0,87.0,180.0,gmail.com,,2.0,2.0,0.0,0.0,0.0,1.0,0.0,0.0,1.0,0.0,2.0,0.0,2.0,2.0,0.0,,,,,0.0,,0.0,0.0,0.0,0.0,0.0,0.0,0.0,0.0,0.0,0.0,0.0,,0.0,0.0,0.0,0.0
6630,200.0,227608,R,11690,111.0,150.0,visa,226.0,credit,299.0,87.0,,yahoo.com,yahoo.com,1.0,1.0,0.0,1.0,0.0,1.0,0.0,1.0,0.0,1.0,1.0,0.0,1.0,1.0,0.0,,,,,,,0.0,0.0,0.0,0.0,0.0,0.0,0.0,0.0,0.0,0.0,0.0,0.0,0.0,0.0,0.0,0.0
5381,140.0,175734,W,17188,321.0,150.0,visa,226.0,debit,122.0,87.0,,,,5.0,3.0,0.0,0.0,0.0,2.0,0.0,0.0,9.0,0.0,3.0,0.0,15.0,4.0,141.0,141.0,0.0,,,141.0,,140.0,140.0,140.0,140.0,140.0,0.0,0.0,0.0,0.0,0.0,0.0,,2298.0,548.0,140.0,460.0
2018,335.0,141611,W,7005,111.0,150.0,visa,226.0,debit,310.0,87.0,0.0,yahoo.com,,4.0,4.0,0.0,0.0,0.0,4.0,0.0,0.0,2.0,0.0,4.0,0.0,45.0,3.0,348.0,348.0,28.0,478.0,6.0,415.0,464.0,0.0,0.0,0.0,0.0,0.0,0.0,0.0,0.0,0.0,0.0,0.0,,456.0,0.0,0.0,456.0
2310,150.0,144844,H,18268,583.0,150.0,visa,226.0,credit,299.0,87.0,,cox.net,,1.0,1.0,0.0,0.0,0.0,1.0,0.0,1.0,0.0,1.0,1.0,0.0,1.0,1.0,0.0,,,,,,,0.0,0.0,0.0,0.0,0.0,0.0,0.0,0.0,0.0,0.0,0.0,0.0,0.0,0.0,0.0,0.0
7383,39.0,238383,W,11207,361.0,150.0,visa,226.0,debit,325.0,87.0,,yahoo.com,,3.0,4.0,0.0,0.0,0.0,3.0,0.0,0.0,1.0,0.0,1.0,0.0,9.0,3.0,245.0,245.0,7.0,459.0,5.0,459.0,,0.0,0.0,0.0,0.0,0.0,0.0,0.0,0.0,0.0,0.0,0.0,,49.0,49.0,0.0,49.0
2678,47.0,148406,W,13089,194.0,150.0,mastercard,166.0,debit,272.0,87.0,,gmail.com,,1.0,2.0,0.0,0.0,0.0,1.0,0.0,0.0,1.0,0.0,1.0,0.0,4.0,1.0,392.0,392.0,0.0,,,0.0,,0.0,0.0,0.0,0.0,0.0,0.0,0.0,0.0,0.0,0.0,0.0,,89.0,89.0,0.0,0.0
4313,59.0,164291,W,15066,170.0,150.0,mastercard,102.0,credit,330.0,87.0,85.0,gmail.com,,1.0,1.0,0.0,0.0,0.0,1.0,0.0,0.0,1.0,0.0,1.0,0.0,0.0,0.0,0.0,,,,,0.0,,0.0,0.0,0.0,0.0,0.0,0.0,0.0,0.0,0.0,0.0,0.0,,0.0,0.0,0.0,0.0
4321,72.0,164392,W,3681,513.0,150.0,visa,166.0,debit,184.0,87.0,430.0,gmail.com,,1.0,2.0,0.0,0.0,0.0,3.0,0.0,0.0,2.0,0.0,2.0,0.0,5.0,1.0,14.0,14.0,4.0,0.0,,0.0,0.0,0.0,0.0,0.0,0.0,0.0,0.0,0.0,0.0,0.0,0.0,0.0,,173.0,89.0,0.0,133.0
7144,18.489,235450,C,15885,545.0,185.0,visa,138.0,debit,,,,hotmail.com,hotmail.com,1.0,1.0,0.0,1.0,0.0,1.0,1.0,1.0,0.0,1.0,1.0,1.0,1.0,1.0,0.0,,,,,0.0,,0.0,0.0,0.0,0.0,0.0,0.0,0.0,0.0,0.0,0.0,0.0,,0.0,0.0,0.0,0.0
2213,120.0,143923,H,18268,583.0,150.0,visa,226.0,credit,472.0,87.0,,gmail.com,gmail.com,2.0,1.0,0.0,1.0,0.0,1.0,0.0,1.0,0.0,1.0,1.0,0.0,1.0,1.0,0.0,,,,,,,0.0,0.0,0.0,0.0,0.0,0.0,0.0,0.0,0.0,0.0,0.0,0.0,0.0,0.0,0.0,0.0
8921,39.0,260489,W,1939,360.0,150.0,visa,166.0,debit,204.0,87.0,,,,1.0,1.0,0.0,0.0,0.0,0.0,0.0,0.0,1.0,0.0,1.0,0.0,1.0,1.0,0.0,,,,,0.0,,0.0,0.0,0.0,0.0,0.0,0.0,0.0,0.0,0.0,0.0,0.0,,0.0,0.0,0.0,0.0
7653,59.0,242352,W,17085,361.0,150.0,visa,226.0,debit,441.0,87.0,,outlook.com,,1.0,4.0,0.0,0.0,0.0,2.0,0.0,0.0,1.0,0.0,1.0,0.0,5.0,1.0,295.0,293.0,1.0,,,1.0,,59.0,59.0,0.0,59.0,59.0,0.0,0.0,0.0,0.0,0.0,0.0,,209.0,59.0,0.0,209.0
76,36.95,87787,W,18132,567.0,150.0,mastercard,117.0,debit,441.0,87.0,1.0,,,1.0,2.0,0.0,0.0,1.0,0.0,0.0,0.0,1.0,0.0,1.0,0.0,3.0,1.0,47.0,47.0,15.0,,,15.0,15.0,0.0,0.0,0.0,0.0,0.0,0.0,0.0,0.0,0.0,0.0,0.0,,36.95000076293945,0.0,0.0,36.95000076293945
8743,270.0,257327,W,7919,194.0,150.0,mastercard,166.0,debit,472.0,87.0,,gmail.com,,1.0,1.0,0.0,0.0,0.0,1.0,0.0,0.0,2.0,0.0,1.0,0.0,8.0,1.0,114.0,114.0,0.0,,,115.0,,299.0,299.0,0.0,59.0,59.0,240.0,240.0,240.0,0.0,0.0,0.0,,299.0,299.0,0.0,59.0
7742,10.0,243504,W,7442,353.0,150.0,mastercard,117.0,debit,126.0,87.0,,yahoo.com,,2.0,2.0,0.0,0.0,1.0,1.0,0.0,0.0,1.0,0.0,2.0,0.0,9.0,2.0,94.0,94.0,5.0,94.0,5.0,94.0,,0.0,0.0,0.0,0.0,0.0,0.0,0.0,0.0,0.0,0.0,0.0,,140.0,60.0,0.0,140.0
4130,49.0,162486,W,17399,111.0,150.0,mastercard,224.0,debit,204.0,87.0,50.0,yahoo.com,,1.0,1.0,0.0,0.0,0.0,1.0,0.0,0.0,1.0,0.0,1.0,0.0,1.0,1.0,0.0,,,,,0.0,,0.0,0.0,0.0,0.0,0.0,0.0,0.0,0.0,0.0,0.0,0.0,,0.0,0.0,0.0,0.0
6428,35.0,223560,H,14643,529.0,150.0,visa,162.0,credit,325.0,87.0,,hotmail.com,,1.0,1.0,0.0,0.0,0.0,1.0,0.0,1.0,0.0,1.0,1.0,0.0,1.0,1.0,0.0,,,,,,,0.0,0.0,0.0,0.0,0.0,0.0,0.0,0.0,0.0,0.0,0.0,0.0,0.0,0.0,0.0,0.0
2098,50.0,142626,S,16659,170.0,150.0,visa,226.0,credit,441.0,87.0,,,gmail.com,1.0,1.0,1.0,1.0,0.0,0.0,0.0,2.0,0.0,2.0,1.0,0.0,2.0,1.0,360.0,360.0,,,,360.0,,0.0,0.0,0.0,0.0,0.0,0.0,0.0,0.0,0.0,0.0,0.0,0.0,0.0,0.0,0.0,0.0
